mc_id,sc_id,age,exposure,treatment,date,day,volume,replacement_volume,volume24,information,
1,1,1,pre,Control,2020-09-08,-6,12.5,,,,
1,1,1,pre,Control,2020-09-09,-5,11.5,,1,,
1,1,1,pre,Control,2020-09-10,-4,7.5,,4,,
1,1,1,pre,Control,2020-09-11,-3,3.5,13,4,,
1,1,1,pre,Control,2020-09-12,-2,7,,6,,
1,1,1,pre,Control,2020-09-13,-1,2,10,5,,
1,1,1,pre,Control,2020-09-14,0,5.5,9.5,4.5,,
1,1,1,during,Control,2020-09-15,1,5.5,10,4,,
1,1,1,during,Control,2020-09-16,2,5.5,10,4.5,,
1,1,1,during,Control,2020-09-17,3,5.5,10,4.5,,
1,1,1,during,Control,2020-09-18,4,6,9.5,4,,
1,1,1,during,Control,2020-09-19,5,6,13,3.5,,
1,1,1,post,Control,2020-09-20,6,9.5,,3.5,,
1,1,1,post,Control,2020-09-21,7,7,,2.5,,
1,1,1,post,Control,2020-09-22,8,0,12,7,,
1,1,1,post,Control,2020-09-23,9,9,,3,,
1,1,1,post,Control,2020-09-24,10,5.5,12.5,3.5,,
1,1,1,post,Control,2020-09-25,11,8.5,,4,,
1,1,1,post,Control,2020-09-26,12,3.5,12.5,5,,
1,1,1,post,Control,2020-09-27,13,8.5,,4,,
1,1,1,post,Control,2020-09-28,14,5.5,,3,,
2,1,1,pre,DMSO,2020-09-08,-6,12,,,,
2,1,1,pre,DMSO,2020-09-09,-5,7,,5,,
2,1,1,pre,DMSO,2020-09-10,-4,4,,3,,
2,1,1,pre,DMSO,2020-09-11,-3,1.5,13,2.5,OG Value = <1.5,
2,1,1,pre,DMSO,2020-09-12,-2,10.5,,2.5,,
2,1,1,pre,DMSO,2020-09-13,-1,5,10,5.5,,
2,1,1,pre,DMSO,2020-09-14,0,6,9.5,4,,
2,1,1,during,DMSO,2020-09-15,1,6.5,10,3,,
2,1,1,during,DMSO,2020-09-16,2,7,10,3,,
2,1,1,during,DMSO,2020-09-17,3,7,10,3,,
2,1,1,during,DMSO,2020-09-18,4,7,10,3,,
2,1,1,during,DMSO,2020-09-19,5,7,13,3,,
2,1,1,post,DMSO,2020-09-20,6,10,,3,,
2,1,1,post,DMSO,2020-09-21,7,7.5,,2.5,,
2,1,1,post,DMSO,2020-09-22,8,4,13,3.5,,
2,1,1,post,DMSO,2020-09-23,9,10.5,,2.5,,
2,1,1,post,DMSO,2020-09-24,10,8.5,,2,,
2,1,1,post,DMSO,2020-09-25,11,6,,2.5,,
2,1,1,post,DMSO,2020-09-26,12,1,12.5,5,OG Value = <1.5,
2,1,1,post,DMSO,2020-09-27,13,9.5,,3,,
2,1,1,post,DMSO,2020-09-28,14,7.5,,2,,
3,1,1,pre,1ppb,2020-09-08,-6,13,,,,
3,1,1,pre,1ppb,2020-09-09,-5,9,,4,,
3,1,1,pre,1ppb,2020-09-10,-4,5.5,,3.5,,
3,1,1,pre,1ppb,2020-09-11,-3,1.5,13,4,,
3,1,1,pre,1ppb,2020-09-12,-2,11.5,,1.5,,
3,1,1,pre,1ppb,2020-09-13,-1,8,10,3.5,,
3,1,1,pre,1ppb,2020-09-14,0,7,10,3,,
3,1,1,during,1ppb,2020-09-15,1,6,10,4,,
3,1,1,during,1ppb,2020-09-16,2,8,9.5,2,,
3,1,1,during,1ppb,2020-09-17,3,6,10,3.5,,
3,1,1,during,1ppb,2020-09-18,4,6.5,10,3.5,,
3,1,1,during,1ppb,2020-09-19,5,7,13,3,,
3,1,1,post,1ppb,2020-09-20,6,10,,3,,
3,1,1,post,1ppb,2020-09-21,7,8,,2,,
3,1,1,post,1ppb,2020-09-22,8,5,13,3,,
3,1,1,post,1ppb,2020-09-23,9,10.5,,2.5,,
3,1,1,post,1ppb,2020-09-24,10,8,,2.5,,
3,1,1,post,1ppb,2020-09-25,11,5.5,12.5,2.5,,
3,1,1,post,1ppb,2020-09-26,12,9,,3.5,,
3,1,1,post,1ppb,2020-09-27,13,6.5,13,2.5,,
3,1,1,post,1ppb,2020-09-28,14,9.5,,3.5,,
4,1,1,pre,10 ppb,2020-09-08,-6,13,,,,
4,1,1,pre,10 ppb,2020-09-09,-5,10.5,,2.5,,
4,1,1,pre,10 ppb,2020-09-10,-4,6,,4.5,,
4,1,1,pre,10 ppb,2020-09-11,-3,2,13,4,OG Value = <2,
4,1,1,pre,10 ppb,2020-09-12,-2,6.5,,6.5,,
4,1,1,pre,10 ppb,2020-09-13,-1,1.5,10,5,OG Value = <1.5,
4,1,1,pre,10 ppb,2020-09-14,0,5,10,5,,
4,1,1,during,10 ppb,2020-09-15,1,6,10,4,,
4,1,1,during,10 ppb,2020-09-16,2,5,9,5,Sugar Syrup leaked - replaced tray,
4,1,1,during,10 ppb,2020-09-17,3,2.5,10,6.5,,
4,1,1,during,10 ppb,2020-09-18,4,7.5,10,2.5,,
4,1,1,during,10 ppb,2020-09-19,5,6.5,13.5,3.5,,
4,1,1,post,10 ppb,2020-09-20,6,9,,4.5,,
4,1,1,post,10 ppb,2020-09-21,7,6,,3,,
4,1,1,post,10 ppb,2020-09-22,8,2,12.5,4,,
4,1,1,post,10 ppb,2020-09-23,9,9.5,,3,,
4,1,1,post,10 ppb,2020-09-24,10,6,,3.5,,
4,1,1,post,10 ppb,2020-09-25,11,2.5,13,3.5,,
4,1,1,post,10 ppb,2020-09-26,12,8,,5,,
4,1,1,post,10 ppb,2020-09-27,13,4,13,4,,
4,1,1,post,10 ppb,2020-09-28,14,8.5,,4.5,,
5,1,1,pre,100ppb,2020-09-08,-6,12.5,,,,
5,1,1,pre,100ppb,2020-09-09,-5,9,,3.5,,
5,1,1,pre,100ppb,2020-09-10,-4,5.5,,3.5,,
5,1,1,pre,100ppb,2020-09-11,-3,2,13,3.5,OG Value = <2,
5,1,1,pre,100ppb,2020-09-12,-2,9,,4,,
5,1,1,pre,100ppb,2020-09-13,-1,5,10,4,,
5,1,1,pre,100ppb,2020-09-14,0,7,10,3,,
5,1,1,during,100ppb,2020-09-15,1,7,10,3,,
5,1,1,during,100ppb,2020-09-16,2,4.5,10,5.5,,
5,1,1,during,100ppb,2020-09-17,3,8.5,10,1.5,,
5,1,1,during,100ppb,2020-09-18,4,6.5,9.5,3.5,,
5,1,1,during,100ppb,2020-09-19,5,6,13,3.5,,
5,1,1,post,100ppb,2020-09-20,6,9.5,,3.5,,
5,1,1,post,100ppb,2020-09-21,7,7.5,,2,,
5,1,1,post,100ppb,2020-09-22,8,4,13,3.5,,
5,1,1,post,100ppb,2020-09-23,9,9.5,,3.5,,
5,1,1,post,100ppb,2020-09-24,10,8,,1.5,,
5,1,1,post,100ppb,2020-09-25,11,5,12.5,3,,
5,1,1,post,100ppb,2020-09-26,12,9,,3.5,,
5,1,1,post,100ppb,2020-09-27,13,6.5,13,2.5,,
5,1,1,post,100ppb,2020-09-28,14,9.5,,3.5,,
6,1,1,pre,800ppb,2020-09-08,-6,12.5,,,,
6,1,1,pre,800ppb,2020-09-09,-5,9,,3.5,,
6,1,1,pre,800ppb,2020-09-10,-4,5,,4,,
6,1,1,pre,800ppb,2020-09-11,-3,0,13,5,,
6,1,1,pre,800ppb,2020-09-12,-2,8,,5,,
6,1,1,pre,800ppb,2020-09-13,-1,2.5,10,5.5,,
6,1,1,pre,800ppb,2020-09-14,0,8,9.5,2,,
6,1,1,during,800ppb,2020-09-15,1,6.5,10,3,,
6,1,1,during,800ppb,2020-09-16,2,7,10,3,,
6,1,1,during,800ppb,2020-09-17,3,7,10,3,,
6,1,1,during,800ppb,2020-09-18,4,7,9.5,3,,
6,1,1,during,800ppb,2020-09-19,5,6,13,3.5,,
6,1,1,post,800ppb,2020-09-20,6,11,,2,,
6,1,1,post,800ppb,2020-09-21,7,9.5,,1.5,,
6,1,1,post,800ppb,2020-09-22,8,7.5,13,2,,
6,1,1,post,800ppb,2020-09-23,9,10,,3,,
6,1,1,post,800ppb,2020-09-24,10,9.5,,0.5,,
6,1,1,post,800ppb,2020-09-25,11,7,12.5,2.5,,
6,1,1,post,800ppb,2020-09-26,12,8,,4.5,,
6,1,1,post,800ppb,2020-09-27,13,5,13,3,,
6,1,1,post,800ppb,2020-09-28,14,10,,3,,
7,1,1,pre,Sacrifice,2020-09-08,-6,12.5,,,,
7,1,1,pre,Sacrifice,2020-09-09,-5,8.5,,4,,
7,1,1,pre,Sacrifice,2020-09-10,-4,4.5,,4,,
7,1,1,pre,Sacrifice,2020-09-11,-3,0,12.5,4.5,,
7,1,1,pre,Sacrifice,2020-09-12,-2,6.5,,6,,
7,1,1,pre,Sacrifice,2020-09-13,-1,1.5,10,5,OG Value = <1.5,
7,1,1,pre,Sacrifice,2020-09-14,0,6.5,10,3.5,,
7,1,1,during,Sacrifice,2020-09-15,1,6,10,4,,
7,1,1,during,Sacrifice,2020-09-16,2,7,10,3,,
7,1,1,during,Sacrifice,2020-09-17,3,6,10,4,,
7,1,1,during,Sacrifice,2020-09-18,4,6.5,10,3.5,,
7,1,1,during,Sacrifice,2020-09-19,5,7,,3,,
8,2,1,pre,Control,2020-09-08,-6,13,,,,
8,2,1,pre,Control,2020-09-09,-5,11,,2,,
8,2,1,pre,Control,2020-09-10,-4,7.5,,3.5,,
8,2,1,pre,Control,2020-09-11,-3,3,13,4.5,,
8,2,1,pre,Control,2020-09-12,-2,7.5,,5.5,,
8,2,1,pre,Control,2020-09-13,-1,2.5,10,5,,
8,2,1,pre,Control,2020-09-14,0,5,9.5,5,,
8,2,1,during,Control,2020-09-15,1,6.5,10,3,,
8,2,1,during,Control,2020-09-16,2,5,10,5,,
8,2,1,during,Control,2020-09-17,3,6,10,4,,
8,2,1,during,Control,2020-09-18,4,4.5,10,5.5,,
8,2,1,during,Control,2020-09-19,5,6,13,4,,
8,2,1,post,Control,2020-09-20,6,9,,4,,
8,2,1,post,Control,2020-09-21,7,4,,5,,
8,2,1,post,Control,2020-09-22,8,0,12,4,,
8,2,1,post,Control,2020-09-23,9,8.5,,3.5,,
8,2,1,post,Control,2020-09-24,10,4,12.5,4.5,,
8,2,1,post,Control,2020-09-25,11,8,,4.5,,
8,2,1,post,Control,2020-09-26,12,2,12.5,6,OG Value = <2,
8,2,1,post,Control,2020-09-27,13,10,,2.5,,
8,2,1,post,Control,2020-09-28,14,6,,4,,
9,2,1,pre,DMSO,2020-09-08,-6,13,,,,
9,2,1,pre,DMSO,2020-09-09,-5,9,,4,,
9,2,1,pre,DMSO,2020-09-10,-4,5,,4,,
9,2,1,pre,DMSO,2020-09-11,-3,0,13,5,,
9,2,1,pre,DMSO,2020-09-12,-2,8,,5,,
9,2,1,pre,DMSO,2020-09-13,-1,3,10,5,,
9,2,1,pre,DMSO,2020-09-14,0,5.5,10,4.5,,
9,2,1,during,DMSO,2020-09-15,1,6,10,4,,
9,2,1,during,DMSO,2020-09-16,2,6.5,10,3.5,,
9,2,1,during,DMSO,2020-09-17,3,7,9.5,3,,
9,2,1,during,DMSO,2020-09-18,4,5.5,10,4,,
9,2,1,during,DMSO,2020-09-19,5,6.5,13,3.5,,
9,2,1,post,DMSO,2020-09-20,6,10.5,,2.5,,
9,2,1,post,DMSO,2020-09-21,7,7.5,,3,,
9,2,1,post,DMSO,2020-09-22,8,2.5,13,5,,
9,2,1,post,DMSO,2020-09-23,9,9.5,,3.5,,
9,2,1,post,DMSO,2020-09-24,10,5.5,12.5,4,,
9,2,1,post,DMSO,2020-09-25,11,8.5,,4,,
9,2,1,post,DMSO,2020-09-26,12,3,12.5,5.5,,
9,2,1,post,DMSO,2020-09-27,13,8.5,,4,,
9,2,1,post,DMSO,2020-09-28,14,4.5,,4,,
10,2,1,pre,1ppb,2020-09-08,-6,12.5,,,,
10,2,1,pre,1ppb,2020-09-09,-5,8.5,,4,,
10,2,1,pre,1ppb,2020-09-10,-4,3.5,,5,,
10,2,1,pre,1ppb,2020-09-11,-3,0,13,3.5,,
10,2,1,pre,1ppb,2020-09-12,-2,6.5,,6.5,,
10,2,1,pre,1ppb,2020-09-13,-1,1.5,10,5,OG Value = <1.5,
10,2,1,pre,1ppb,2020-09-14,0,6,10,4,,
10,2,1,during,1ppb,2020-09-15,1,6,10,4,,
10,2,1,during,1ppb,2020-09-16,2,6.5,10,3.5,,
10,2,1,during,1ppb,2020-09-17,3,6,10,4,,
10,2,1,during,1ppb,2020-09-18,4,5.5,10,4.5,,
10,2,1,during,1ppb,2020-09-19,5,5.5,12.5,4.5,,
10,2,1,post,1ppb,2020-09-20,6,7.5,,5,,
10,2,1,post,1ppb,2020-09-21,7,3.5,13,4,,
10,2,1,post,1ppb,2020-09-22,8,8,,5,,
10,2,1,post,1ppb,2020-09-23,9,4.5,,3.5,,
10,2,1,post,1ppb,2020-09-24,10,0,12.5,4.5,,
10,2,1,post,1ppb,2020-09-25,11,8,,4.5,,
10,2,1,post,1ppb,2020-09-26,12,2.5,12.5,5.5,,
10,2,1,post,1ppb,2020-09-27,13,9,,3.5,,
10,2,1,post,1ppb,2020-09-28,14,4.5,,4.5,,
11,2,1,pre,10 ppb,2020-09-08,-6,10,,,,
11,2,1,pre,10 ppb,2020-09-09,-5,0,13,,"Sugar Syrup leaked - replaced tray, value is 10",
11,2,1,pre,10 ppb,2020-09-10,-4,7.5,,5.5,,
11,2,1,pre,10 ppb,2020-09-11,-3,3,13,4.5,,
11,2,1,pre,10 ppb,2020-09-12,-2,10,,3,,
11,2,1,pre,10 ppb,2020-09-13,-1,5.5,10,4.5,,
11,2,1,pre,10 ppb,2020-09-14,0,5.5,9.5,4.5,,
11,2,1,during,10 ppb,2020-09-15,1,5.5,10,4,,
11,2,1,during,10 ppb,2020-09-16,2,6.5,10,3.5,,
11,2,1,during,10 ppb,2020-09-17,3,6,10,4,,
11,2,1,during,10 ppb,2020-09-18,4,5.5,10,4.5,,
11,2,1,during,10 ppb,2020-09-19,5,6,13,4,,
11,2,1,post,10 ppb,2020-09-20,6,7.5,,5.5,,
11,2,1,post,10 ppb,2020-09-21,7,3.5,13,4,,
11,2,1,post,10 ppb,2020-09-22,8,8,,5,,
11,2,1,post,10 ppb,2020-09-23,9,4.5,,3.5,,
11,2,1,post,10 ppb,2020-09-24,10,1.5,12.5,3,OG Value = <1.5,
11,2,1,post,10 ppb,2020-09-25,11,8,,4.5,,
11,2,1,post,10 ppb,2020-09-26,12,2.5,12.5,5.5,,
11,2,1,post,10 ppb,2020-09-27,13,8.5,,4,,
11,2,1,post,10 ppb,2020-09-28,14,4.5,,4,,
12,2,1,pre,100ppb,2020-09-08,-6,12,,,,
12,2,1,pre,100ppb,2020-09-09,-5,9,,3,,
12,2,1,pre,100ppb,2020-09-10,-4,5.5,,3.5,,
12,2,1,pre,100ppb,2020-09-11,-3,2,13,3.5,,
12,2,1,pre,100ppb,2020-09-12,-2,8,,5,,
12,2,1,pre,100ppb,2020-09-13,-1,3,10,5,,
12,2,1,pre,100ppb,2020-09-14,0,5.5,10,4.5,,
12,2,1,during,100ppb,2020-09-15,1,6,10,4,,
12,2,1,during,100ppb,2020-09-16,2,6,10,4,,
12,2,1,during,100ppb,2020-09-17,3,6.5,10,3.5,,
12,2,1,during,100ppb,2020-09-18,4,5.5,10,4.5,,
12,2,1,during,100ppb,2020-09-19,5,6,13,4,,
12,2,1,post,100ppb,2020-09-20,6,8.5,,4.5,,
12,2,1,post,100ppb,2020-09-21,7,4.5,,4,,
12,2,1,post,100ppb,2020-09-22,8,0,12.5,4.5,,
12,2,1,post,100ppb,2020-09-23,9,8.5,,4,,
12,2,1,post,100ppb,2020-09-24,10,4.5,12.5,4,,
12,2,1,post,100ppb,2020-09-25,11,8.5,,4,,
12,2,1,post,100ppb,2020-09-26,12,2.5,12.5,6,,
12,2,1,post,100ppb,2020-09-27,13,8.5,,4,,
12,2,1,post,100ppb,2020-09-28,14,4,,4.5,,
13,2,1,pre,800ppb,2020-09-08,-6,12.5,,,,
13,2,1,pre,800ppb,2020-09-09,-5,9.5,,3,,
13,2,1,pre,800ppb,2020-09-10,-4,7,,2.5,,
13,2,1,pre,800ppb,2020-09-11,-3,2,13,5,OG Value = <2,
13,2,1,pre,800ppb,2020-09-12,-2,7.5,,5.5,,
13,2,1,pre,800ppb,2020-09-13,-1,3,10,4.5,,
13,2,1,pre,800ppb,2020-09-14,0,6,10,4,,
13,2,1,during,800ppb,2020-09-15,1,6,10,4,,
13,2,1,during,800ppb,2020-09-16,2,6.5,10,3.5,,
13,2,1,during,800ppb,2020-09-17,3,7,9.5,3,,
13,2,1,during,800ppb,2020-09-18,4,6,10,3.5,,
13,2,1,during,800ppb,2020-09-19,5,6,13,4,,
13,2,1,post,800ppb,2020-09-20,6,9,,4,,
13,2,1,post,800ppb,2020-09-21,7,5.5,,3.5,,
13,2,1,post,800ppb,2020-09-22,8,1.5,12.5,4,,
13,2,1,post,800ppb,2020-09-23,9,9.5,,3,,
13,2,1,post,800ppb,2020-09-24,10,5.5,12.5,4,,
13,2,1,post,800ppb,2020-09-25,11,9,,3.5,,
13,2,1,post,800ppb,2020-09-26,12,3.5,13,5.5,,
13,2,1,post,800ppb,2020-09-27,13,9.6,,3.4,,
13,2,1,post,800ppb,2020-09-28,14,6,,3.6,,
14,2,1,pre,Sacrifice,2020-09-08,-6,13,,,,
14,2,1,pre,Sacrifice,2020-09-09,-5,9,,4,,
14,2,1,pre,Sacrifice,2020-09-10,-4,5.5,,3.5,,
14,2,1,pre,Sacrifice,2020-09-11,-3,1.5,13,4,OG Value = <1.5,
14,2,1,pre,Sacrifice,2020-09-12,-2,8.5,,4.5,,
14,2,1,pre,Sacrifice,2020-09-13,-1,4,10,4.5,,
14,2,1,pre,Sacrifice,2020-09-14,0,6.5,9,3.5,,
14,2,1,during,Sacrifice,2020-09-15,1,5,10,4,,
14,2,1,during,Sacrifice,2020-09-16,2,5.5,9.5,4.5,,
14,2,1,during,Sacrifice,2020-09-17,3,7,10,2.5,,
14,2,1,during,Sacrifice,2020-09-18,4,6.5,9.5,3.5,,
14,2,1,during,Sacrifice,2020-09-19,5,6.5,,3,,
15,1,3,pre,Control,2020-09-21,-6,13,,,,
15,1,3,pre,Control,2020-09-22,-5,12,,1,,
15,1,3,pre,Control,2020-09-23,-4,9.5,,2.5,,
15,1,3,pre,Control,2020-09-24,-3,6,,3.5,,
15,1,3,pre,Control,2020-09-25,-2,2,13,4,,
15,1,3,pre,Control,2020-09-26,-1,8.5,,4.5,,
15,1,3,pre,Control,2020-09-27,0,6,10,2.5,,
15,1,3,during,Control,2020-09-28,1,6.5,10,3.5,,
15,1,3,during,Control,2020-09-29,2,6.5,10,3.5,,
15,1,3,during,Control,2020-09-30,3,6,10,4,,
15,1,3,during,Control,2020-10-01,4,7,10,3,,
15,1,3,during,Control,2020-10-02,5,6,12.5,4,,
15,1,3,post,Control,2020-10-03,6,8.5,,4,,
15,1,3,post,Control,2020-10-04,7,5,12.5,3.5,,
15,1,3,post,Control,2020-10-05,8,9.5,,3,,
15,1,3,post,Control,2020-10-06,9,5.5,,4,,
15,1,3,post,Control,2020-10-07,10,2,10,3.5,OG Value = <2,
15,1,3,post,Control,2020-10-08,11,6.5,,3.5,,
15,1,3,post,Control,2020-10-09,12,3.5,12.5,3,,
15,1,3,post,Control,2020-10-10,13,9.5,,3,,
15,1,3,post,Control,2020-10-11,14,6,,3.5,,
16,1,3,pre,DMSO,2020-09-21,-6,13,,,,
16,1,3,pre,DMSO,2020-09-22,-5,9.5,,3.5,,
16,1,3,pre,DMSO,2020-09-23,-4,5.5,,4,,
16,1,3,pre,DMSO,2020-09-24,-3,1.5,12.5,4,OG Value = <1.5,
16,1,3,pre,DMSO,2020-09-25,-2,8,,4.5,,
16,1,3,pre,DMSO,2020-09-26,-1,2,13,6,OG Value = <2,
16,1,3,pre,DMSO,2020-09-27,0,9.5,10,3.5,,
16,1,3,during,DMSO,2020-09-28,1,5.5,10,4.5,,
16,1,3,during,DMSO,2020-09-29,2,7,10,3,,
16,1,3,during,DMSO,2020-09-30,3,6,10,4,,
16,1,3,during,DMSO,2020-10-01,4,6,10,4,,
16,1,3,during,DMSO,2020-10-02,5,7.5,12.5,2.5,,
16,1,3,post,DMSO,2020-10-03,6,8.5,,4,,
16,1,3,post,DMSO,2020-10-04,7,3.5,12.5,5,,
16,1,3,post,DMSO,2020-10-05,8,10,,2.5,,
16,1,3,post,DMSO,2020-10-06,9,5.5,,4.5,,
16,1,3,post,DMSO,2020-10-07,10,0,13,5.5,,
16,1,3,post,DMSO,2020-10-08,11,9.5,,3.5,,
16,1,3,post,DMSO,2020-10-09,12,5.5,,4,,
16,1,3,post,DMSO,2020-10-10,13,2,12,3.5,,
16,1,3,post,DMSO,2020-10-11,14,7,,5,,
17,1,3,pre,1ppb,2020-09-21,-6,13,,,,
17,1,3,pre,1ppb,2020-09-22,-5,10,,3,,
17,1,3,pre,1ppb,2020-09-23,-4,7.5,,2.5,,
17,1,3,pre,1ppb,2020-09-24,-3,4,12.5,3.5,,
17,1,3,pre,1ppb,2020-09-25,-2,9.5,,3,,
17,1,3,pre,1ppb,2020-09-26,-1,4.5,12.5,5,,
17,1,3,pre,1ppb,2020-09-27,0,9.5,10,3,,
17,1,3,during,1ppb,2020-09-28,1,7,10,3,,
17,1,3,during,1ppb,2020-09-29,2,6,10,4,,
17,1,3,during,1ppb,2020-09-30,3,6.5,10,3.5,,
17,1,3,during,1ppb,2020-10-01,4,6.5,10,3.5,,
17,1,3,during,1ppb,2020-10-02,5,7,12.5,3,,
17,1,3,post,1ppb,2020-10-03,6,9,,3.5,,
17,1,3,post,1ppb,2020-10-04,7,6.5,,2.5,,
17,1,3,post,1ppb,2020-10-05,8,4,12.5,2.5,,
17,1,3,post,1ppb,2020-10-06,9,9.5,,3,,
17,1,3,post,1ppb,2020-10-07,10,5.5,,4,,
17,1,3,post,1ppb,2020-10-08,11,3,10,2.5,,
17,1,3,post,1ppb,2020-10-09,12,6.5,,3.5,,
17,1,3,post,1ppb,2020-10-10,13,5,,1.5,,
17,1,3,post,1ppb,2020-10-11,14,2.5,,2.5,,
18,1,3,pre,10 ppb,2020-09-21,-6,13,,,,
18,1,3,pre,10 ppb,2020-09-22,-5,9,,4,,
18,1,3,pre,10 ppb,2020-09-23,-4,6.5,,2.5,,
18,1,3,pre,10 ppb,2020-09-24,-3,4,13,2.5,,
18,1,3,pre,10 ppb,2020-09-25,-2,10,,3,,
18,1,3,pre,10 ppb,2020-09-26,-1,6,12.5,4,,
18,1,3,pre,10 ppb,2020-09-27,0,10,10,2.5,,
18,1,3,during,10 ppb,2020-09-28,1,7,10,3,,
18,1,3,during,10 ppb,2020-09-29,2,7,10,3,,
18,1,3,during,10 ppb,2020-09-30,3,7,10,3,,
18,1,3,during,10 ppb,2020-10-01,4,6.5,10,3.5,,
18,1,3,during,10 ppb,2020-10-02,5,7,12.5,3,,
18,1,3,post,10 ppb,2020-10-03,6,10,,2.5,,
18,1,3,post,10 ppb,2020-10-04,7,7.5,,2.5,,
18,1,3,post,10 ppb,2020-10-05,8,5,12.5,2.5,,
18,1,3,post,10 ppb,2020-10-06,9,10,,2.5,,
18,1,3,post,10 ppb,2020-10-07,10,7,,3,,
18,1,3,post,10 ppb,2020-10-08,11,2.5,13,4.5,,
18,1,3,post,10 ppb,2020-10-09,12,10,,3,,
18,1,3,post,10 ppb,2020-10-10,13,8,,2,,
18,1,3,post,10 ppb,2020-10-11,14,5.5,,2.5,18's final sample may be in MC19 T3,
19,1,3,pre,100ppb,2020-09-21,-6,13,,,,
19,1,3,pre,100ppb,2020-09-22,-5,10.5,,2.5,,
19,1,3,pre,100ppb,2020-09-23,-4,8,,2.5,,
19,1,3,pre,100ppb,2020-09-24,-3,5.5,,2.5,,
19,1,3,pre,100ppb,2020-09-25,-2,3,12.5,2.5,,
19,1,3,pre,100ppb,2020-09-26,-1,9,,3.5,,
19,1,3,pre,100ppb,2020-09-27,0,6.5,10,2.5,,
19,1,3,during,100ppb,2020-09-28,1,7,10,3,,
19,1,3,during,100ppb,2020-09-29,2,7.5,10,2.5,,
19,1,3,during,100ppb,2020-09-30,3,7,10,3,,
19,1,3,during,100ppb,2020-10-01,4,7.5,10,2.5,,
19,1,3,during,100ppb,2020-10-02,5,8,12.5,2,,
19,1,3,post,100ppb,2020-10-03,6,10,,2.5,,
19,1,3,post,100ppb,2020-10-04,7,7.5,,2.5,,
19,1,3,post,100ppb,2020-10-05,8,6,12.5,1.5,,
19,1,3,post,100ppb,2020-10-06,9,10,,2.5,,
19,1,3,post,100ppb,2020-10-07,10,7.5,,2.5,,
19,1,3,post,100ppb,2020-10-08,11,6.5,,1,,
19,1,3,post,100ppb,2020-10-09,12,4,12.5,2.5,,
19,1,3,post,100ppb,2020-10-10,13,10.5,,2,,
19,1,3,post,100ppb,2020-10-11,14,8,,2.5,,
20,1,3,pre,800ppb,2020-09-21,-6,13,,,,
20,1,3,pre,800ppb,2020-09-22,-5,10,,3,,
20,1,3,pre,800ppb,2020-09-23,-4,7.5,,2.5,,
20,1,3,pre,800ppb,2020-09-24,-3,4.5,13,3,,
20,1,3,pre,800ppb,2020-09-25,-2,9.5,,3.5,,
20,1,3,pre,800ppb,2020-09-26,-1,5.5,12.5,4,,
20,1,3,pre,800ppb,2020-09-27,0,10,10,2.5,,
20,1,3,during,800ppb,2020-09-28,1,8,10,2,,
20,1,3,during,800ppb,2020-09-29,2,7.5,10,2.5,,
20,1,3,during,800ppb,2020-09-30,3,5.5,10,4.5,,
20,1,3,during,800ppb,2020-10-01,4,6.5,10,3.5,,
20,1,3,during,800ppb,2020-10-02,5,7,12.5,3,,
20,1,3,post,800ppb,2020-10-03,6,9,,3.5,,
20,1,3,post,800ppb,2020-10-04,7,7,,2,,
20,1,3,post,800ppb,2020-10-05,8,6,12.5,1,,
20,1,3,post,800ppb,2020-10-06,9,9,,3.5,,
20,1,3,post,800ppb,2020-10-07,10,5.5,,3.5,,
20,1,3,post,800ppb,2020-10-08,11,3.5,13,2,,
20,1,3,post,800ppb,2020-10-09,12,10,,3,,
20,1,3,post,800ppb,2020-10-10,13,8,,2,,
20,1,3,post,800ppb,2020-10-11,14,6,,2,,
21,1,3,pre,Sacrifice,2020-09-21,-6,13,,,,
21,1,3,pre,Sacrifice,2020-09-22,-5,11,,2,,
21,1,3,pre,Sacrifice,2020-09-23,-4,8,,3,,
21,1,3,pre,Sacrifice,2020-09-24,-3,6.5,,1.5,,
21,1,3,pre,Sacrifice,2020-09-25,-2,4,12.5,2.5,,
21,1,3,pre,Sacrifice,2020-09-26,-1,8,,4.5,,
21,1,3,pre,Sacrifice,2020-09-27,0,5.5,10,2.5,,
21,1,3,during,Sacrifice,2020-09-28,1,7.5,10,2.5,,
21,1,3,during,Sacrifice,2020-09-29,2,6,10,4,,
21,1,3,during,Sacrifice,2020-09-30,3,6,10,4,,
21,1,3,during,Sacrifice,2020-10-01,4,7.5,10,2.5,,
21,1,3,during,Sacrifice,2020-10-02,5,8.5,,1.5,,
22,2,3,pre,Control,2020-09-21,-6,13,,,,
22,2,3,pre,Control,2020-09-22,-5,10.5,,2.5,,
22,2,3,pre,Control,2020-09-23,-4,7.5,,3,,
22,2,3,pre,Control,2020-09-24,-3,3.5,12.5,4,,
22,2,3,pre,Control,2020-09-25,-2,9,,3.5,,
22,2,3,pre,Control,2020-09-26,-1,4,12.5,5,,
22,2,3,pre,Control,2020-09-27,0,9.5,10,3,,
22,2,3,during,Control,2020-09-28,1,6.5,10,3.5,,
22,2,3,during,Control,2020-09-29,2,6,10,4,,
22,2,3,during,Control,2020-09-30,3,5.5,9.5,4.5,,
22,2,3,during,Control,2020-10-01,4,5.5,10,4,,
22,2,3,during,Control,2020-10-02,5,6.5,12.5,3.5,,
22,2,3,post,Control,2020-10-03,6,8.5,,4,,
22,2,3,post,Control,2020-10-04,7,6,,2.5,,
22,2,3,post,Control,2020-10-05,8,4,12.5,2,,
22,2,3,post,Control,2020-10-06,9,10,,2.5,,
22,2,3,post,Control,2020-10-07,10,7.5,,2.5,,
22,2,3,post,Control,2020-10-08,11,6,,1.5,,
22,2,3,post,Control,2020-10-09,12,4,12.5,2,,
22,2,3,post,Control,2020-10-10,13,10,,2.5,,
22,2,3,post,Control,2020-10-11,14,8,,2,,
23,2,3,pre,DMSO,2020-09-21,-6,13,,,,
23,2,3,pre,DMSO,2020-09-22,-5,11,,2,,
23,2,3,pre,DMSO,2020-09-23,-4,8.5,,2.5,,
23,2,3,pre,DMSO,2020-09-24,-3,6,,2.5,,
23,2,3,pre,DMSO,2020-09-25,-2,6,12.5,0,,
23,2,3,pre,DMSO,2020-09-26,-1,9,,3.5,,
23,2,3,pre,DMSO,2020-09-27,0,6.5,10,2.5,,
23,2,3,during,DMSO,2020-09-28,1,8,10,2,,
23,2,3,during,DMSO,2020-09-29,2,7.5,10,2.5,,
23,2,3,during,DMSO,2020-09-30,3,5.5,10,4.5,,
23,2,3,during,DMSO,2020-10-01,4,6,10,4,,
23,2,3,during,DMSO,2020-10-02,5,7,12.5,3,,
23,2,3,post,DMSO,2020-10-03,6,8.5,,4,,
23,2,3,post,DMSO,2020-10-04,7,6,,2.5,,
23,2,3,post,DMSO,2020-10-05,8,2.5,12.5,3.5,,
23,2,3,post,DMSO,2020-10-06,9,9,,3.5,,
23,2,3,post,DMSO,2020-10-07,10,5,,4,,
23,2,3,post,DMSO,2020-10-08,11,2.5,12.5,2.5,,
23,2,3,post,DMSO,2020-10-09,12,9.5,,3,,
23,2,3,post,DMSO,2020-10-10,13,6,,3.5,,
23,2,3,post,DMSO,2020-10-11,14,2.5,,3.5,,
24,2,3,pre,1ppb,2020-09-21,-6,13,,,,
24,2,3,pre,1ppb,2020-09-22,-5,10,,3,,
24,2,3,pre,1ppb,2020-09-23,-4,7.5,,2.5,,
24,2,3,pre,1ppb,2020-09-24,-3,4,12.5,3.5,,
24,2,3,pre,1ppb,2020-09-25,-2,9.5,,3,,
24,2,3,pre,1ppb,2020-09-26,-1,5.5,13,4,,
24,2,3,pre,1ppb,2020-09-27,0,10,10,3,,
24,2,3,during,1ppb,2020-09-28,1,7.5,10,2.5,,
24,2,3,during,1ppb,2020-09-29,2,9,10,1,,
24,2,3,during,1ppb,2020-09-30,3,6,10,4,,
24,2,3,during,1ppb,2020-10-01,4,7,10,3,,
24,2,3,during,1ppb,2020-10-02,5,7,12.5,3,,
24,2,3,post,1ppb,2020-10-03,6,9,,3.5,,
24,2,3,post,1ppb,2020-10-04,7,6,,3,,
24,2,3,post,1ppb,2020-10-05,8,3,12,3,,
24,2,3,post,1ppb,2020-10-06,9,9,,3,,
24,2,3,post,1ppb,2020-10-07,10,5.5,,3.5,,
24,2,3,post,1ppb,2020-10-08,11,4.5,13,1,,
24,2,3,post,1ppb,2020-10-09,12,9.5,,3.5,,
24,2,3,post,1ppb,2020-10-10,13,7,,2.5,,
24,2,3,post,1ppb,2020-10-11,14,3.5,,3.5,,
25,2,3,pre,10 ppb,2020-09-21,-6,13,,,,
25,2,3,pre,10 ppb,2020-09-22,-5,9.5,,3.5,,
25,2,3,pre,10 ppb,2020-09-23,-4,6.5,,3,,
25,2,3,pre,10 ppb,2020-09-24,-3,3,12.5,3.5,,
25,2,3,pre,10 ppb,2020-09-25,-2,9,,3.5,,
25,2,3,pre,10 ppb,2020-09-26,-1,3.5,12.5,5.5,,
25,2,3,pre,10 ppb,2020-09-27,0,9.5,10,3,,
25,2,3,during,10 ppb,2020-09-28,1,6,10,4,,
25,2,3,during,10 ppb,2020-09-29,2,6.5,10,3.5,,
25,2,3,during,10 ppb,2020-09-30,3,5.5,10,4.5,,
25,2,3,during,10 ppb,2020-10-01,4,5,10,5,,
25,2,3,during,10 ppb,2020-10-02,5,6,12.5,4,,
25,2,3,post,10 ppb,2020-10-03,6,9.5,,3,,
25,2,3,post,10 ppb,2020-10-04,7,6,,3.5,,
25,2,3,post,10 ppb,2020-10-05,8,3,12.5,3,,
25,2,3,post,10 ppb,2020-10-06,9,8.5,,4,,
25,2,3,post,10 ppb,2020-10-07,10,5.5,,3,,
25,2,3,post,10 ppb,2020-10-08,11,3.5,13,2,,
25,2,3,post,10 ppb,2020-10-09,12,10,,3,,
25,2,3,post,10 ppb,2020-10-10,13,8,,2,,
25,2,3,post,10 ppb,2020-10-11,14,6.5,,1.5,,
26,2,3,pre,100ppb,2020-09-21,-6,13,,,,
26,2,3,pre,100ppb,2020-09-22,-5,10,,3,,
26,2,3,pre,100ppb,2020-09-23,-4,7,,3,,
26,2,3,pre,100ppb,2020-09-24,-3,3.5,12.5,3.5,,
26,2,3,pre,100ppb,2020-09-25,-2,9.5,,3,,
26,2,3,pre,100ppb,2020-09-26,-1,5,13,4.5,,
26,2,3,pre,100ppb,2020-09-27,0,10,10,3,,
26,2,3,during,100ppb,2020-09-28,1,5.5,10,4.5,,
26,2,3,during,100ppb,2020-09-29,2,6,10,4,,
26,2,3,during,100ppb,2020-09-30,3,6,10,4,,
26,2,3,during,100ppb,2020-10-01,4,5.5,10,4.5,,
26,2,3,during,100ppb,2020-10-02,5,6.5,12.5,3.5,,
26,2,3,post,100ppb,2020-10-03,6,8,,4.5,,
26,2,3,post,100ppb,2020-10-04,7,4.5,12.5,3.5,,
26,2,3,post,100ppb,2020-10-05,8,9.5,,3,,
26,2,3,post,100ppb,2020-10-06,9,6.5,,3,,
26,2,3,post,100ppb,2020-10-07,10,3,13,3.5,,
26,2,3,post,100ppb,2020-10-08,11,10.5,,2.5,,
26,2,3,post,100ppb,2020-10-09,12,8.5,,2,,
26,2,3,post,100ppb,2020-10-10,13,5.5,,3,,
26,2,3,post,100ppb,2020-10-11,14,2.5,,3,,
27,2,3,pre,800ppb,2020-09-21,-6,13,,,,
27,2,3,pre,800ppb,2020-09-22,-5,9.5,,3.5,,
27,2,3,pre,800ppb,2020-09-23,-4,6.5,,3,,
27,2,3,pre,800ppb,2020-09-24,-3,3,12.5,3.5,,
27,2,3,pre,800ppb,2020-09-25,-2,9,,3.5,,
27,2,3,pre,800ppb,2020-09-26,-1,4.5,13,4.5,,
27,2,3,pre,800ppb,2020-09-27,0,10,10,3,,
27,2,3,during,800ppb,2020-09-28,1,7,10,3,,
27,2,3,during,800ppb,2020-09-29,2,6,10,4,,
27,2,3,during,800ppb,2020-09-30,3,6.5,10,3.5,,
27,2,3,during,800ppb,2020-10-01,4,6.5,10,3.5,,
27,2,3,during,800ppb,2020-10-02,5,6.5,12.5,3.5,,
27,2,3,post,800ppb,2020-10-03,6,9,,3.5,,
27,2,3,post,800ppb,2020-10-04,7,6.5,,2.5,,
27,2,3,post,800ppb,2020-10-05,8,3,12.5,3.5,,
27,2,3,post,800ppb,2020-10-06,9,9,,3.5,,
27,2,3,post,800ppb,2020-10-07,10,4.5,12.5,4.5,,
27,2,3,post,800ppb,2020-10-08,11,9.5,,3,,
27,2,3,post,800ppb,2020-10-09,12,6.5,,3,,
27,2,3,post,800ppb,2020-10-10,13,3,12.5,3.5,,
27,2,3,post,800ppb,2020-10-11,14,9,,3.5,,
28,2,3,pre,Sacrifice,2020-09-21,-6,13,,,,
28,2,3,pre,Sacrifice,2020-09-22,-5,10.5,,2.5,,
28,2,3,pre,Sacrifice,2020-09-23,-4,8,,2.5,,
28,2,3,pre,Sacrifice,2020-09-24,-3,4.5,12.5,3.5,,
28,2,3,pre,Sacrifice,2020-09-25,-2,10,,2.5,,
28,2,3,pre,Sacrifice,2020-09-26,-1,5,12.5,5,,
28,2,3,pre,Sacrifice,2020-09-27,0,9.5,10,3,,
28,2,3,during,Sacrifice,2020-09-28,1,5.5,10,4.5,,
28,2,3,during,Sacrifice,2020-09-29,2,6,10,4,,
28,2,3,during,Sacrifice,2020-09-30,3,6,10,4,,
28,2,3,during,Sacrifice,2020-10-01,4,6,10,4,,
28,2,3,during,Sacrifice,2020-10-02,5,7,,3,,
29,3,1,pre,Control,2020-10-06,-6,12.5,,,,
29,3,1,pre,Control,2020-10-07,-5,8,,4.5,,
29,3,1,pre,Control,2020-10-08,-4,4.5,13,3.5,,
29,3,1,pre,Control,2020-10-09,-3,11.5,12.5,1.5,,
29,3,1,pre,Control,2020-10-10,-2,9,,3.5,,
29,3,1,pre,Control,2020-10-11,-1,5.5,,3.5,,
29,3,1,pre,Control,2020-10-12,0,3.5,10,2,,
29,3,1,during,Control,2020-10-13,1,6.5,10,3.5,,
29,3,1,during,Control,2020-10-14,2,7,10,3,,
29,3,1,during,Control,2020-10-15,3,6,9.5,4,,
29,3,1,during,Control,2020-10-16,4,5.5,10,4,,
29,3,1,during,Control,2020-10-17,5,6.5,12.5,3.5,,
29,3,1,post,Control,2020-10-18,6,8.5,,4,,
29,3,1,post,Control,2020-10-19,7,5,,3.5,,
29,3,1,post,Control,2020-10-20,8,2,12.5,3,,
29,3,1,post,Control,2020-10-21,9,8.5,,4,,
29,3,1,post,Control,2020-10-22,10,6,,2.5,,
29,3,1,post,Control,2020-10-23,11,3,12.5,3,,
29,3,1,post,Control,2020-10-24,12,8,,4.5,,
29,3,1,post,Control,2020-10-25,13,5.5,10,2.5,,
29,3,1,post,Control,2020-10-26,14,5,,5,,
30,3,1,pre,DMSO,2020-10-06,-6,12.5,,,,
30,3,1,pre,DMSO,2020-10-07,-5,9,,3.5,,
30,3,1,pre,DMSO,2020-10-08,-4,6.5,,2.5,,
30,3,1,pre,DMSO,2020-10-09,-3,4,12.5,2.5,,
30,3,1,pre,DMSO,2020-10-10,-2,10,,2.5,,
30,3,1,pre,DMSO,2020-10-11,-1,7,,3,,
30,3,1,pre,DMSO,2020-10-12,0,4,10,3,,
30,3,1,during,DMSO,2020-10-13,1,7,10,3,,
30,3,1,during,DMSO,2020-10-14,2,6.5,10,3.5,,
30,3,1,during,DMSO,2020-10-15,3,6.5,10,3.5,,
30,3,1,during,DMSO,2020-10-16,4,6.5,10,3.5,,
30,3,1,during,DMSO,2020-10-17,5,6.5,12.5,3.5,,
30,3,1,post,DMSO,2020-10-18,6,8,,4.5,,
30,3,1,post,DMSO,2020-10-19,7,5.5,,2.5,,
30,3,1,post,DMSO,2020-10-20,8,3.5,13,2,,
30,3,1,post,DMSO,2020-10-21,9,9.5,,3.5,,
30,3,1,post,DMSO,2020-10-22,10,6,,3.5,,
30,3,1,post,DMSO,2020-10-23,11,2,12.5,4,,
30,3,1,post,DMSO,2020-10-24,12,7.5,,5,,
30,3,1,post,DMSO,2020-10-25,13,5,10,2.5,,
30,3,1,post,DMSO,2020-10-26,14,6.5,,3.5,,
31,3,1,pre,1ppb,2020-10-06,-6,12.5,,-6,,
31,3,1,pre,1ppb,2020-10-07,-5,9,,3.5,,
31,3,1,pre,1ppb,2020-10-08,-4,7.5,,1.5,,
31,3,1,pre,1ppb,2020-10-09,-3,4,12.5,3.5,,
31,3,1,pre,1ppb,2020-10-10,-2,9.5,,3,,
31,3,1,pre,1ppb,2020-10-11,-1,6,,3.5,,
31,3,1,pre,1ppb,2020-10-12,0,3.5,9.5,2.5,,
31,3,1,during,1ppb,2020-10-13,1,7,10,2.5,,
31,3,1,during,1ppb,2020-10-14,2,7,10,3,,
31,3,1,during,1ppb,2020-10-15,3,7.5,10,2.5,,
31,3,1,during,1ppb,2020-10-16,4,7.5,10,2.5,,
31,3,1,during,1ppb,2020-10-17,5,7,12.5,3,,
31,3,1,post,1ppb,2020-10-18,6,10.5,,2,,
31,3,1,post,1ppb,2020-10-19,7,8.5,,2,,
31,3,1,post,1ppb,2020-10-20,8,6.5,12.5,2,,
31,3,1,post,1ppb,2020-10-21,9,9.5,,3,,
31,3,1,post,1ppb,2020-10-22,10,7,,2.5,,
31,3,1,post,1ppb,2020-10-23,11,4,12.5,3,,
31,3,1,post,1ppb,2020-10-24,12,8,,4.5,,
31,3,1,post,1ppb,2020-10-25,13,6,,2,,
31,3,1,post,1ppb,2020-10-26,14,2.5,,3.5,,
32,3,1,pre,10 ppb,2020-10-06,-6,12.5,,,,
32,3,1,pre,10 ppb,2020-10-07,-5,9,,3.5,,
32,3,1,pre,10 ppb,2020-10-08,-4,6,,3,,
32,3,1,pre,10 ppb,2020-10-09,-3,3.5,12.5,2.5,,
32,3,1,pre,10 ppb,2020-10-10,-2,9.5,,3,,
32,3,1,pre,10 ppb,2020-10-11,-1,7,,2.5,,
32,3,1,pre,10 ppb,2020-10-12,0,5.5,10,1.5,,
32,3,1,during,10 ppb,2020-10-13,1,7.5,9.5,2.5,,
32,3,1,during,10 ppb,2020-10-14,2,7,10,2.5,,
32,3,1,during,10 ppb,2020-10-15,3,7,9.5,3,,
32,3,1,during,10 ppb,2020-10-16,4,7,10,2.5,,
32,3,1,during,10 ppb,2020-10-17,5,7,12.5,3,,
32,3,1,post,10 ppb,2020-10-18,6,10.5,,2,,
32,3,1,post,10 ppb,2020-10-19,7,8.5,,2,,
32,3,1,post,10 ppb,2020-10-20,8,6,12.5,2.5,,
32,3,1,post,10 ppb,2020-10-21,9,9.5,,3,,
32,3,1,post,10 ppb,2020-10-22,10,7,,2.5,,
32,3,1,post,10 ppb,2020-10-23,11,4,12.5,3,,
32,3,1,post,10 ppb,2020-10-24,12,8,,4.5,,
32,3,1,post,10 ppb,2020-10-25,13,6.5,,1.5,,
32,3,1,post,10 ppb,2020-10-26,14,1.5,,5,,
33,3,1,pre,100ppb,2020-10-06,-6,12.5,,,,
33,3,1,pre,100ppb,2020-10-07,-5,8.5,,4,,
33,3,1,pre,100ppb,2020-10-08,-4,7.5,,1,,
33,3,1,pre,100ppb,2020-10-09,-3,6.5,12.5,1,,
33,3,1,pre,100ppb,2020-10-10,-2,9,,3.5,,
33,3,1,pre,100ppb,2020-10-11,-1,5.5,,3.5,,
33,3,1,pre,100ppb,2020-10-12,0,2,9.5,3.5,,
33,3,1,during,100ppb,2020-10-13,1,7.5,10,2,,
33,3,1,during,100ppb,2020-10-14,2,7,10,3,,
33,3,1,during,100ppb,2020-10-15,3,7,10,3,,
33,3,1,during,100ppb,2020-10-16,4,7,10,3,,
33,3,1,during,100ppb,2020-10-17,5,6.5,12.5,3.5,,
33,3,1,post,100ppb,2020-10-18,6,9.5,,3,,
33,3,1,post,100ppb,2020-10-19,7,6.5,,3,,
33,3,1,post,100ppb,2020-10-20,8,4,12,2.5,,
33,3,1,post,100ppb,2020-10-21,9,9,,3,,
33,3,1,post,100ppb,2020-10-22,10,5,12.5,4,,
33,3,1,post,100ppb,2020-10-23,11,9,,3.5,,
33,3,1,post,100ppb,2020-10-24,12,4,,5,,
33,3,1,post,100ppb,2020-10-25,13,2,10,2,,
33,3,1,post,100ppb,2020-10-26,14,6,,4,,
34,3,1,pre,800ppb,2020-10-06,-6,12.5,,,,
34,3,1,pre,800ppb,2020-10-07,-5,9,,3.5,,
34,3,1,pre,800ppb,2020-10-08,-4,8.5,,0.5,,
34,3,1,pre,800ppb,2020-10-09,-3,5.5,,3,,
34,3,1,pre,800ppb,2020-10-10,-2,3,12.5,2.5,,
34,3,1,pre,800ppb,2020-10-11,-1,9.5,,3,,
34,3,1,pre,800ppb,2020-10-12,0,7.5,9.5,2,,
34,3,1,during,800ppb,2020-10-13,1,7.5,10,2,,
34,3,1,during,800ppb,2020-10-14,2,7.5,10,2.5,,
34,3,1,during,800ppb,2020-10-15,3,6.5,10,3.5,,
34,3,1,during,800ppb,2020-10-16,4,7.5,10,2.5,,
34,3,1,during,800ppb,2020-10-17,5,6.5,12.5,3.5,,
34,3,1,post,800ppb,2020-10-18,6,9.5,,3,,
34,3,1,post,800ppb,2020-10-19,7,6.5,,3,,
34,3,1,post,800ppb,2020-10-20,8,4.5,12.5,2,,
34,3,1,post,800ppb,2020-10-21,9,9,,3.5,,
34,3,1,post,800ppb,2020-10-22,10,8,,1,,
34,3,1,post,800ppb,2020-10-23,11,4.5,12.5,3.5,,
34,3,1,post,800ppb,2020-10-24,12,8.5,,4,,
34,3,1,post,800ppb,2020-10-25,13,6,,2.5,,
34,3,1,post,800ppb,2020-10-26,14,4.5,,1.5,,
35,3,1,pre,Sacrifice,2020-10-06,-6,12.5,,,,
35,3,1,pre,Sacrifice,2020-10-07,-5,9,,3.5,,
35,3,1,pre,Sacrifice,2020-10-08,-4,7,,2,,
35,3,1,pre,Sacrifice,2020-10-09,-3,5,,2,,
35,3,1,pre,Sacrifice,2020-10-10,-2,2.5,12.5,2.5,,
35,3,1,pre,Sacrifice,2020-10-11,-1,9,,3.5,,
35,3,1,pre,Sacrifice,2020-10-12,0,6,9.5,3,,
35,3,1,during,Sacrifice,2020-10-13,1,6,10,3.5,,
35,3,1,during,Sacrifice,2020-10-14,2,6.5,10,3.5,,
35,3,1,during,Sacrifice,2020-10-15,3,6.5,10,3.5,,
35,3,1,during,Sacrifice,2020-10-16,4,7,10,3,,
35,3,1,during,Sacrifice,2020-10-17,5,5.5,,4.5,,
36,4,1,pre,Control,2020-10-06,-6,12.5,,,,
36,4,1,pre,Control,2020-10-07,-5,9,,3.5,,
36,4,1,pre,Control,2020-10-08,-4,6.5,,2.5,,
36,4,1,pre,Control,2020-10-09,-3,4,12.5,2.5,,
36,4,1,pre,Control,2020-10-10,-2,9.5,,3,,
36,4,1,pre,Control,2020-10-11,-1,6,,3.5,,
36,4,1,pre,Control,2020-10-12,0,3.5,10,2.5,,
36,4,1,during,Control,2020-10-13,1,7.5,10,2.5,,
36,4,1,during,Control,2020-10-14,2,6.5,10,3.5,,
36,4,1,during,Control,2020-10-15,3,6,9.5,4,,
36,4,1,during,Control,2020-10-16,4,6.5,10,3,,
36,4,1,during,Control,2020-10-17,5,6,12.5,4,,
36,4,1,post,Control,2020-10-18,6,8.5,,4,,
36,4,1,post,Control,2020-10-19,7,7,,1.5,,
36,4,1,post,Control,2020-10-20,8,4,12.5,3,,
36,4,1,post,Control,2020-10-21,9,9,,3.5,,
36,4,1,post,Control,2020-10-22,10,6.5,,2.5,,
36,4,1,post,Control,2020-10-23,11,3,12.5,3.5,,
36,4,1,post,Control,2020-10-24,12,7,,5.5,,
36,4,1,post,Control,2020-10-25,13,6.5,10,0.5,,
36,4,1,post,Control,2020-10-26,14,6,,4,,
37,4,1,pre,DMSO,2020-10-06,-6,12.5,,,,
37,4,1,pre,DMSO,2020-10-07,-5,9,,3.5,,
37,4,1,pre,DMSO,2020-10-08,-4,6.5,,2.5,,
37,4,1,pre,DMSO,2020-10-09,-3,3.5,12.5,3,,
37,4,1,pre,DMSO,2020-10-10,-2,9,,3.5,,
37,4,1,pre,DMSO,2020-10-11,-1,5.5,,3.5,,
37,4,1,pre,DMSO,2020-10-12,0,2,10,3.5,,
37,4,1,during,DMSO,2020-10-13,1,6,10,4,,
37,4,1,during,DMSO,2020-10-14,2,6.5,9.5,3.5,,
37,4,1,during,DMSO,2020-10-15,3,7,10,2.5,,
37,4,1,during,DMSO,2020-10-16,4,6.5,10,3.5,,
37,4,1,during,DMSO,2020-10-17,5,5,12.5,5,,
37,4,1,post,DMSO,2020-10-18,6,9,,3.5,,
37,4,1,post,DMSO,2020-10-19,7,6.5,,2.5,,
37,4,1,post,DMSO,2020-10-20,8,2.5,12.5,4,,
37,4,1,post,DMSO,2020-10-21,9,9,,3.5,,
37,4,1,post,DMSO,2020-10-22,10,6.5,,2.5,,
37,4,1,post,DMSO,2020-10-23,11,3.5,12.5,3,,
37,4,1,post,DMSO,2020-10-24,12,8.5,,4,,
37,4,1,post,DMSO,2020-10-25,13,5,10,3.5,,
37,4,1,post,DMSO,2020-10-26,14,6,,4,,
38,4,1,pre,1ppb,2020-10-06,-6,12.5,,,,
38,4,1,pre,1ppb,2020-10-07,-5,9,,3.5,,
38,4,1,pre,1ppb,2020-10-08,-4,6,,3,,
38,4,1,pre,1ppb,2020-10-09,-3,3.5,13,2.5,,
38,4,1,pre,1ppb,2020-10-10,-2,9.5,,3.5,,
38,4,1,pre,1ppb,2020-10-11,-1,6,,3.5,,
38,4,1,pre,1ppb,2020-10-12,0,3.5,10,2.5,,
38,4,1,during,1ppb,2020-10-13,1,6.5,10,3.5,,
38,4,1,during,1ppb,2020-10-14,2,6.5,10,3.5,,
38,4,1,during,1ppb,2020-10-15,3,6,10,4,,
38,4,1,during,1ppb,2020-10-16,4,8,10,2,,
38,4,1,during,1ppb,2020-10-17,5,5,12.5,5,,
38,4,1,post,1ppb,2020-10-18,6,9,,3.5,,
38,4,1,post,1ppb,2020-10-19,7,6.5,,2.5,,
38,4,1,post,1ppb,2020-10-20,8,4,13,2.5,,
38,4,1,post,1ppb,2020-10-21,9,9.5,,3.5,,
38,4,1,post,1ppb,2020-10-22,10,6,,3.5,,
38,4,1,post,1ppb,2020-10-23,11,4,12.5,2,,
38,4,1,post,1ppb,2020-10-24,12,5.5,12.5,7,,
38,4,1,post,1ppb,2020-10-25,13,11,,1.5,,
38,4,1,post,1ppb,2020-10-26,14,8,,3,,
39,4,1,pre,10 ppb,2020-10-06,-6,12.5,,,,
39,4,1,pre,10 ppb,2020-10-07,-5,9.5,,3,,
39,4,1,pre,10 ppb,2020-10-08,-4,7.5,,2,,
39,4,1,pre,10 ppb,2020-10-09,-3,5.5,,2,,
39,4,1,pre,10 ppb,2020-10-10,-2,2,12.5,3.5,OG Value = <2,
39,4,1,pre,10 ppb,2020-10-11,-1,9,,3.5,,
39,4,1,pre,10 ppb,2020-10-12,0,6.5,10,2.5,,
39,4,1,during,10 ppb,2020-10-13,1,6.5,10,3.5,,
39,4,1,during,10 ppb,2020-10-14,2,6.5,9.5,3.5,,
39,4,1,during,10 ppb,2020-10-15,3,6.5,10,3,,
39,4,1,during,10 ppb,2020-10-16,4,6,10,4,,
39,4,1,during,10 ppb,2020-10-17,5,6.5,12.5,3.5,,
39,4,1,post,10 ppb,2020-10-18,6,11,,1.5,,
39,4,1,post,10 ppb,2020-10-19,7,8.5,,2.5,,
39,4,1,post,10 ppb,2020-10-20,8,5,13,3.5,,
39,4,1,post,10 ppb,2020-10-21,9,9.5,,3.5,,
39,4,1,post,10 ppb,2020-10-22,10,6.5,,3,,
39,4,1,post,10 ppb,2020-10-23,11,1.5,12.5,5,,
39,4,1,post,10 ppb,2020-10-24,12,9.5,,3,,
39,4,1,post,10 ppb,2020-10-25,13,5,10,4.5,,
39,4,1,post,10 ppb,2020-10-26,14,6.5,,3.5,,
40,4,1,pre,100ppb,2020-10-06,-6,12.5,,,,
40,4,1,pre,100ppb,2020-10-07,-5,9,,3.5,,
40,4,1,pre,100ppb,2020-10-08,-4,6,,3,,
40,4,1,pre,100ppb,2020-10-09,-3,3.5,12.5,2.5,,
40,4,1,pre,100ppb,2020-10-10,-2,9.5,,3,,
40,4,1,pre,100ppb,2020-10-11,-1,6,,3.5,,
40,4,1,pre,100ppb,2020-10-12,0,3,10,3,,
40,4,1,during,100ppb,2020-10-13,1,8,10,2,,
40,4,1,during,100ppb,2020-10-14,2,6.5,10,3.5,,
40,4,1,during,100ppb,2020-10-15,3,7,9.5,3,,
40,4,1,during,100ppb,2020-10-16,4,7,9.5,2.5,,
40,4,1,during,100ppb,2020-10-17,5,6.5,12.5,3,,
40,4,1,post,100ppb,2020-10-18,6,9,,3.5,,
40,4,1,post,100ppb,2020-10-19,7,8,,1,,
40,4,1,post,100ppb,2020-10-20,8,4.5,12,3.5,,
40,4,1,post,100ppb,2020-10-21,9,9,,3,,
40,4,1,post,100ppb,2020-10-22,10,6.5,,2.5,,
40,4,1,post,100ppb,2020-10-23,11,5.5,12.5,1,,
40,4,1,post,100ppb,2020-10-24,12,7.5,,5,,
40,4,1,post,100ppb,2020-10-25,13,6.5,10,1,,
40,4,1,post,100ppb,2020-10-26,14,7.5,,2.5,,
41,4,1,pre,800ppb,2020-10-06,-6,12.5,,,,
41,4,1,pre,800ppb,2020-10-07,-5,9,,3.5,,
41,4,1,pre,800ppb,2020-10-08,-4,6.5,,2.5,,
41,4,1,pre,800ppb,2020-10-09,-3,3.5,12.5,3,,
41,4,1,pre,800ppb,2020-10-10,-2,9.5,,3,,
41,4,1,pre,800ppb,2020-10-11,-1,6.5,,3,,
41,4,1,pre,800ppb,2020-10-12,0,3.5,9.5,3,,
41,4,1,during,800ppb,2020-10-13,1,7.5,10,2,,
41,4,1,during,800ppb,2020-10-14,2,6.5,10,3.5,,
41,4,1,during,800ppb,2020-10-15,3,6.5,10,3.5,,
41,4,1,during,800ppb,2020-10-16,4,6.5,10,3.5,,
41,4,1,during,800ppb,2020-10-17,5,6,12.5,4,,
41,4,1,post,800ppb,2020-10-18,6,8.5,,4,,
41,4,1,post,800ppb,2020-10-19,7,6.5,,2,,
41,4,1,post,800ppb,2020-10-20,8,4,12.5,2.5,,
41,4,1,post,800ppb,2020-10-21,9,10,,2.5,,
41,4,1,post,800ppb,2020-10-22,10,7,,3,,
41,4,1,post,800ppb,2020-10-23,11,4.5,,2.5,,
41,4,1,post,800ppb,2020-10-24,12,0,12.5,4.5,,
41,4,1,post,800ppb,2020-10-25,13,9.5,,3,,
41,4,1,post,800ppb,2020-10-26,14,6.5,,3,,
42,4,1,pre,Sacrifice,2020-10-06,-6,12.5,,,,
42,4,1,pre,Sacrifice,2020-10-07,-5,9.5,,3,,
42,4,1,pre,Sacrifice,2020-10-08,-4,7,,2.5,,
42,4,1,pre,Sacrifice,2020-10-09,-3,4.5,12.5,2.5,,
42,4,1,pre,Sacrifice,2020-10-10,-2,10,,2.5,,
42,4,1,pre,Sacrifice,2020-10-11,-1,7.5,,2.5,,
42,4,1,pre,Sacrifice,2020-10-12,0,5,10,2.5,,
42,4,1,during,Sacrifice,2020-10-13,1,7.5,9.5,2.5,,
42,4,1,during,Sacrifice,2020-10-14,2,6.5,9.5,3,,
42,4,1,during,Sacrifice,2020-10-15,3,6,10,3.5,,
42,4,1,during,Sacrifice,2020-10-16,4,7,10,3,,
42,4,1,during,Sacrifice,2020-10-17,5,6.5,,3.5,,
43,3,3,pre,Control,2020-10-19,-6,12.5,,,,
43,3,3,pre,Control,2020-10-20,-5,9.5,,3,,
43,3,3,pre,Control,2020-10-21,-4,7,,2.5,,
43,3,3,pre,Control,2020-10-22,-3,5,12.5,2,,
43,3,3,pre,Control,2020-10-23,-2,9,,3.5,,
43,3,3,pre,Control,2020-10-24,-1,5,12.5,4,,
43,3,3,pre,Control,2020-10-25,0,9.5,10,3,,
43,3,3,during,Control,2020-10-26,1,7,10,3,,
43,3,3,during,Control,2020-10-27,2,6.5,10,3.5,,
43,3,3,during,Control,2020-10-28,3,7.5,10,2.5,,
43,3,3,during,Control,2020-10-29,4,8,10,2,,
43,3,3,during,Control,2020-10-30,5,6.5,12.5,3.5,,
43,3,3,post,Control,2020-10-31,6,9.5,,3,,
43,3,3,post,Control,2020-11-01,7,6.5,,3,,
43,3,3,post,Control,2020-11-02,8,3,12.5,3.5,,
43,3,3,post,Control,2020-11-03,9,8.5,,4,,
43,3,3,post,Control,2020-11-04,10,6.5,,2,,
43,3,3,post,Control,2020-11-05,11,4,12.5,2.5,,
43,3,3,post,Control,2020-11-06,12,8.5,,4,,
43,3,3,post,Control,2020-11-07,13,6,,2.5,,
44,3,3,post,Control,2020-11-08,14,4,,2,,
44,3,3,pre,DMSO,2020-10-19,-6,12,,,,
44,3,3,pre,DMSO,2020-10-20,-5,10.5,,1.5,,
44,3,3,pre,DMSO,2020-10-21,-4,8,,2.5,,
44,3,3,pre,DMSO,2020-10-22,-3,5,12.5,3,,
44,3,3,pre,DMSO,2020-10-23,-2,9.5,,3,,
44,3,3,pre,DMSO,2020-10-24,-1,6,,3.5,,
44,3,3,pre,DMSO,2020-10-25,0,3,10,3,,
44,3,3,during,DMSO,2020-10-26,1,7.5,10,2.5,,
44,3,3,during,DMSO,2020-10-27,2,7.5,10,2.5,,
44,3,3,during,DMSO,2020-10-28,3,8,10,2,,
44,3,3,during,DMSO,2020-10-29,4,5,10,5,,
44,3,3,during,DMSO,2020-10-30,5,5.5,12.5,4.5,,
44,3,3,post,DMSO,2020-10-31,6,8,,4.5,,
44,3,3,post,DMSO,2020-11-01,7,4.5,,3.5,,
44,3,3,post,DMSO,2020-11-02,8,0,12.5,4.5,,
44,3,3,post,DMSO,2020-11-03,9,8.5,,4,,
44,3,3,post,DMSO,2020-11-04,10,4,12.5,4.5,,
44,3,3,post,DMSO,2020-11-05,11,9.5,,3,,
44,3,3,post,DMSO,2020-11-06,12,6.5,,3,,
44,3,3,post,DMSO,2020-11-07,13,4,,2.5,,
44,3,3,post,DMSO,2020-11-08,14,0.5,,3.5,,
45,3,3,pre,1ppb,2020-10-19,-6,12.5,,-12,,
45,3,3,pre,1ppb,2020-10-20,-5,10.5,,2,,
45,3,3,pre,1ppb,2020-10-21,-4,8,,2.5,,
45,3,3,pre,1ppb,2020-10-22,-3,6,,2,,
45,3,3,pre,1ppb,2020-10-23,-2,4,12.5,2,,
45,3,3,pre,1ppb,2020-10-24,-1,10,,2.5,,
45,3,3,pre,1ppb,2020-10-25,0,8,10,2,,
45,3,3,during,1ppb,2020-10-26,1,7,10,3,,
45,3,3,during,1ppb,2020-10-27,2,7.5,10,2.5,,
45,3,3,during,1ppb,2020-10-28,3,6.5,10,3.5,,
45,3,3,during,1ppb,2020-10-29,4,7.5,10,2.5,,
45,3,3,during,1ppb,2020-10-30,5,8.5,12.5,1.5,,
45,3,3,post,1ppb,2020-10-31,6,11,,1.5,,
45,3,3,post,1ppb,2020-11-01,7,8.5,,2.5,,
45,3,3,post,1ppb,2020-11-02,8,6.5,12.5,2,,
45,3,3,post,1ppb,2020-11-03,9,10.5,,2,,
45,3,3,post,1ppb,2020-11-04,10,8,,2.5,,
45,3,3,post,1ppb,2020-11-05,11,6.5,,1.5,,
45,3,3,post,1ppb,2020-11-06,12,3.5,12.5,3,,
45,3,3,post,1ppb,2020-11-07,13,10,,2.5,,
45,3,3,post,1ppb,2020-11-08,14,8,,2,,
46,3,3,pre,10 ppb,2020-10-19,-6,12,,,,
46,3,3,pre,10 ppb,2020-10-20,-5,11,,1,,
46,3,3,pre,10 ppb,2020-10-21,-4,8,,3,,
46,3,3,pre,10 ppb,2020-10-22,-3,5.5,,2.5,,
46,3,3,pre,10 ppb,2020-10-23,-2,3,12.5,2.5,,
46,3,3,pre,10 ppb,2020-10-24,-1,9,,3.5,,
46,3,3,pre,10 ppb,2020-10-25,0,6.5,10,2.5,,
46,3,3,during,10 ppb,2020-10-26,1,7,10,3,,
46,3,3,during,10 ppb,2020-10-27,2,7,10,3,,
46,3,3,during,10 ppb,2020-10-28,3,7,10,3,,
46,3,3,during,10 ppb,2020-10-29,4,7,10,3,,
46,3,3,during,10 ppb,2020-10-30,5,7,12.5,3,,
46,3,3,post,10 ppb,2020-10-31,6,11.5,,1,,
46,3,3,post,10 ppb,2020-11-01,7,8,,3.5,,
46,3,3,post,10 ppb,2020-11-02,8,5.5,12.5,2.5,,
46,3,3,post,10 ppb,2020-11-03,9,9,,3.5,,
46,3,3,post,10 ppb,2020-11-04,10,5,,4,,
46,3,3,post,10 ppb,2020-11-05,11,2.5,12.5,2.5,,
46,3,3,post,10 ppb,2020-11-06,12,9.5,,3,,
46,3,3,post,10 ppb,2020-11-07,13,6,,3.5,,
46,3,3,post,10 ppb,2020-11-08,14,3,,3,,
47,3,3,pre,100ppb,2020-10-19,-6,12.5,,,,
47,3,3,pre,100ppb,2020-10-20,-5,10.5,,2,,
47,3,3,pre,100ppb,2020-10-21,-4,8,,2.5,,
47,3,3,pre,100ppb,2020-10-22,-3,6,,2,,
47,3,3,pre,100ppb,2020-10-23,-2,4,12.5,2,,
47,3,3,pre,100ppb,2020-10-24,-1,9.5,,3,,
47,3,3,pre,100ppb,2020-10-25,0,7.5,10,2,,
47,3,3,during,100ppb,2020-10-26,1,8,10,2,,
47,3,3,during,100ppb,2020-10-27,2,8,10,2,,
47,3,3,during,100ppb,2020-10-28,3,7.5,10,2.5,,
47,3,3,during,100ppb,2020-10-29,4,7.5,10,2.5,,
47,3,3,during,100ppb,2020-10-30,5,7,12.5,3,,
47,3,3,post,100ppb,2020-10-31,6,9.5,,3,,
47,3,3,post,100ppb,2020-11-01,7,7,,2.5,,
47,3,3,post,100ppb,2020-11-02,8,6,12.5,1,,
47,3,3,post,100ppb,2020-11-03,9,9.5,,3,,
47,3,3,post,100ppb,2020-11-04,10,7.5,,2,,
47,3,3,post,100ppb,2020-11-05,11,5.5,,2,,
47,3,3,post,100ppb,2020-11-06,12,3,12.5,2.5,,
47,3,3,post,100ppb,2020-11-07,13,10,,2.5,,
47,3,3,post,100ppb,2020-11-08,14,8,,2,,
48,3,3,pre,800ppb,2020-10-19,-6,12.5,,,,
48,3,3,pre,800ppb,2020-10-20,-5,10.5,,2,,
48,3,3,pre,800ppb,2020-10-21,-4,7.5,,3,,
48,3,3,pre,800ppb,2020-10-22,-3,5.5,,2,,
48,3,3,pre,800ppb,2020-10-23,-2,4,12.5,1.5,,
48,3,3,pre,800ppb,2020-10-24,-1,10.5,,2,,
48,3,3,pre,800ppb,2020-10-25,0,8.5,10,2,,
48,3,3,during,800ppb,2020-10-26,1,7,10,3,,
48,3,3,during,800ppb,2020-10-27,2,6.5,10,3.5,,
48,3,3,during,800ppb,2020-10-28,3,6,10,4,,
48,3,3,during,800ppb,2020-10-29,4,5,10,5,,
48,3,3,during,800ppb,2020-10-30,5,5,12.5,5,,
48,3,3,post,800ppb,2020-10-31,6,8,,4.5,,
48,3,3,post,800ppb,2020-11-01,7,5.5,,2.5,,
48,3,3,post,800ppb,2020-11-02,8,2,12.5,3.5,,
48,3,3,post,800ppb,2020-11-03,9,9.5,,3,,
48,3,3,post,800ppb,2020-11-04,10,5.5,,4,,
48,3,3,post,800ppb,2020-11-05,11,3.5,12.5,2,,
48,3,3,post,800ppb,2020-11-06,12,7,,5.5,,
48,3,3,post,800ppb,2020-11-07,13,2.5,12.5,4.5,,
48,3,3,post,800ppb,2020-11-08,14,9.5,,3,,
49,3,3,pre,Sacrifice,2020-10-19,-6,12.5,,,,
49,3,3,pre,Sacrifice,2020-10-20,-5,11,,1.5,,
49,3,3,pre,Sacrifice,2020-10-21,-4,8.5,,2.5,,
49,3,3,pre,Sacrifice,2020-10-22,-3,6.5,,2,,
49,3,3,pre,Sacrifice,2020-10-23,-2,4,12.5,2.5,,
49,3,3,pre,Sacrifice,2020-10-24,-1,10.5,,2,,
49,3,3,pre,Sacrifice,2020-10-25,0,9.5,10,1,,
49,3,3,during,Sacrifice,2020-10-26,1,8.5,10,1.5,,
49,3,3,during,Sacrifice,2020-10-27,2,8.5,10,1.5,,
49,3,3,during,Sacrifice,2020-10-28,3,8,10,2,,
49,3,3,during,Sacrifice,2020-10-29,4,7,10,3,,
49,3,3,during,Sacrifice,2020-10-30,5,8,,2,,
50,4,3,pre,Control,2020-10-19,-6,12.5,,,,
50,4,3,pre,Control,2020-10-20,-5,11,,1.5,,
50,4,3,pre,Control,2020-10-21,-4,8.5,,2.5,,
50,4,3,pre,Control,2020-10-22,-3,6.5,,2,,
50,4,3,pre,Control,2020-10-23,-2,4,12.5,2.5,,
50,4,3,pre,Control,2020-10-24,-1,9,,3.5,,
50,4,3,pre,Control,2020-10-25,0,6.5,10,2.5,,
50,4,3,during,Control,2020-10-26,1,7.5,10,2.5,,
50,4,3,during,Control,2020-10-27,2,7,10,3,,
50,4,3,during,Control,2020-10-28,3,7,10,3,,
50,4,3,during,Control,2020-10-29,4,7,10,3,,
50,4,3,during,Control,2020-10-30,5,7,12.5,3,,
50,4,3,post,Control,2020-10-31,6,9.5,,3,,
50,4,3,post,Control,2020-11-01,7,7,,2.5,,
50,4,3,post,Control,2020-11-02,8,4.5,12.5,2.5,,
50,4,3,post,Control,2020-11-03,9,10,,2.5,,
50,4,3,post,Control,2020-11-04,10,6,,4,,
50,4,3,post,Control,2020-11-05,11,4,12.5,2,,
50,4,3,post,Control,2020-11-06,12,9,,3.5,,
50,4,3,post,Control,2020-11-07,13,7,,2,,
50,4,3,post,Control,2020-11-08,14,3.5,,3.5,,
51,4,3,pre,DMSO,2020-10-19,-6,12,,,,
51,4,3,pre,DMSO,2020-10-20,-5,10,,2,,
51,4,3,pre,DMSO,2020-10-21,-4,7,,3,,
51,4,3,pre,DMSO,2020-10-22,-3,4.5,12.5,2.5,,
51,4,3,pre,DMSO,2020-10-23,-2,9.5,,3,,
51,4,3,pre,DMSO,2020-10-24,-1,7.5,,2,,
51,4,3,pre,DMSO,2020-10-25,0,6.5,10,1,,
51,4,3,during,DMSO,2020-10-26,1,6.5,10,3.5,,
51,4,3,during,DMSO,2020-10-27,2,8.5,10,1.5,,
51,4,3,during,DMSO,2020-10-28,3,7.5,10,2.5,,
51,4,3,during,DMSO,2020-10-29,4,7,10,3,,
51,4,3,during,DMSO,2020-10-30,5,6.5,12.5,3.5,,
51,4,3,post,DMSO,2020-10-31,6,9.5,,3,,
51,4,3,post,DMSO,2020-11-01,7,7,,2.5,,
51,4,3,post,DMSO,2020-11-02,8,6,12.5,1,,
51,4,3,post,DMSO,2020-11-03,9,9,,3.5,,
51,4,3,post,DMSO,2020-11-04,10,4.5,12.5,4.5,,
51,4,3,post,DMSO,2020-11-05,11,10,,2.5,,
51,4,3,post,DMSO,2020-11-06,12,9,,1,,
51,4,3,post,DMSO,2020-11-07,13,6,,3,,
51,4,3,post,DMSO,2020-11-08,14,2,,4,,
52,4,3,pre,1ppb,2020-10-19,-6,12.5,,,,
52,4,3,pre,1ppb,2020-10-20,-5,12,,0.5,,
52,4,3,pre,1ppb,2020-10-21,-4,9.5,,2.5,,
52,4,3,pre,1ppb,2020-10-22,-3,7.5,,2,,
52,4,3,pre,1ppb,2020-10-23,-2,5.5,,2,,
52,4,3,pre,1ppb,2020-10-24,-1,2.5,12.5,3,,
52,4,3,pre,1ppb,2020-10-25,0,9.5,10,3,,
52,4,3,during,1ppb,2020-10-26,1,7.5,10,2.5,,
52,4,3,during,1ppb,2020-10-27,2,6.5,10,3.5,,
52,4,3,during,1ppb,2020-10-28,3,6,10,4,,
52,4,3,during,1ppb,2020-10-29,4,7,10,3,,
52,4,3,during,1ppb,2020-10-30,5,6.5,12.5,3.5,,
52,4,3,post,1ppb,2020-10-31,6,8,,4.5,,
52,4,3,post,1ppb,2020-11-01,7,4.5,,3.5,,
52,4,3,post,1ppb,2020-11-02,8,3.5,12.5,1,,
52,4,3,post,1ppb,2020-11-03,9,6.5,,6,,
52,4,3,post,1ppb,2020-11-04,10,2.5,12.5,4,,
52,4,3,post,1ppb,2020-11-05,11,10,,2.5,,
52,4,3,post,1ppb,2020-11-06,12,8,,2,,
52,4,3,post,1ppb,2020-11-07,13,8,,0,,
52,4,3,post,1ppb,2020-11-08,14,4.5,,3.5,,
53,4,3,pre,10 ppb,2020-10-19,-6,12.5,,,,
53,4,3,pre,10 ppb,2020-10-20,-5,11.5,,1,,
53,4,3,pre,10 ppb,2020-10-21,-4,9,,2.5,,
53,4,3,pre,10 ppb,2020-10-22,-3,6.5,,2.5,,
53,4,3,pre,10 ppb,2020-10-23,-2,5.5,12.5,1,,
53,4,3,pre,10 ppb,2020-10-24,-1,10.5,,2,,
53,4,3,pre,10 ppb,2020-10-25,0,9,10,1.5,,
53,4,3,during,10 ppb,2020-10-26,1,8.5,10,1.5,,
53,4,3,during,10 ppb,2020-10-27,2,8.5,10,1.5,,
53,4,3,during,10 ppb,2020-10-28,3,8,10,2,,
53,4,3,during,10 ppb,2020-10-29,4,7.5,10,2.5,,
53,4,3,during,10 ppb,2020-10-30,5,8,12.5,2,,
53,4,3,post,10 ppb,2020-10-31,6,11.5,,1,,
53,4,3,post,10 ppb,2020-11-01,7,10.5,,1,,
53,4,3,post,10 ppb,2020-11-02,8,10,12.5,0.5,,
53,4,3,post,10 ppb,2020-11-03,9,8.5,,4,,
53,4,3,post,10 ppb,2020-11-04,10,5,,3.5,,
53,4,3,post,10 ppb,2020-11-05,11,2,12.5,3,OG value = <2,
53,4,3,post,10 ppb,2020-11-06,12,9,,3.5,,
53,4,3,post,10 ppb,2020-11-07,13,9,12.5,0,,
53,4,3,post,10 ppb,2020-11-08,14,10.5,,2,,
54,4,3,pre,100ppb,2020-10-19,-6,12.5,,,,
54,4,3,pre,100ppb,2020-10-20,-5,10,,2.5,,
54,4,3,pre,100ppb,2020-10-21,-4,7.5,,2.5,,
54,4,3,pre,100ppb,2020-10-22,-3,5,12.5,2.5,,
54,4,3,pre,100ppb,2020-10-23,-2,9.5,,3,,
54,4,3,pre,100ppb,2020-10-24,-1,6.5,,3,,
54,4,3,pre,100ppb,2020-10-25,0,4.5,10,2,,
54,4,3,during,100ppb,2020-10-26,1,6,10,4,,
54,4,3,during,100ppb,2020-10-27,2,6,10,4,,
54,4,3,during,100ppb,2020-10-28,3,6,10,4,,
54,4,3,during,100ppb,2020-10-29,4,6,10,4,,
54,4,3,during,100ppb,2020-10-30,5,6,12.5,4,,
54,4,3,post,100ppb,2020-10-31,6,10,,2.5,,
54,4,3,post,100ppb,2020-11-01,7,9,,1,,
54,4,3,post,100ppb,2020-11-02,8,5.5,12.5,3.5,,
54,4,3,post,100ppb,2020-11-03,9,11,,1.5,,
54,4,3,post,100ppb,2020-11-04,10,10,,1,,
54,4,3,post,100ppb,2020-11-05,11,9.5,,0.5,,
54,4,3,post,100ppb,2020-11-06,12,8.5,,1,,
54,4,3,post,100ppb,2020-11-07,13,5,,3.5,,
54,4,3,post,100ppb,2020-11-08,14,2,,3,,
55,4,3,pre,800ppb,2020-10-19,-6,12.5,,,,
55,4,3,pre,800ppb,2020-10-20,-5,11,,1.5,,
55,4,3,pre,800ppb,2020-10-21,-4,8.5,,2.5,,
55,4,3,pre,800ppb,2020-10-22,-3,6,,2.5,,
55,4,3,pre,800ppb,2020-10-23,-2,3.5,12.5,2.5,,
55,4,3,pre,800ppb,2020-10-24,-1,9,,3.5,,
55,4,3,pre,800ppb,2020-10-25,0,6.5,10,2.5,,
55,4,3,during,800ppb,2020-10-26,1,7.5,10,2.5,,
55,4,3,during,800ppb,2020-10-27,2,7,10,3,,
55,4,3,during,800ppb,2020-10-28,3,6.5,10,3.5,,
55,4,3,during,800ppb,2020-10-29,4,7.5,10,2.5,,
55,4,3,during,800ppb,2020-10-30,5,6.5,12.5,3.5,,
55,4,3,post,800ppb,2020-10-31,6,8,,4.5,,
55,4,3,post,800ppb,2020-11-01,7,5,,3,,
55,4,3,post,800ppb,2020-11-02,8,3,12.5,2,,
55,4,3,post,800ppb,2020-11-03,9,9.5,,3,,
55,4,3,post,800ppb,2020-11-04,10,6.5,,3,,
55,4,3,post,800ppb,2020-11-05,11,3.5,12.5,3,,
55,4,3,post,800ppb,2020-11-06,12,8.5,,4,,
55,4,3,post,800ppb,2020-11-07,13,5.5,,3,,
55,4,3,post,800ppb,2020-11-08,14,3,,2.5,,
56,4,3,pre,Sacrifice,2020-10-19,-6,12.5,,,,
56,4,3,pre,Sacrifice,2020-10-20,-5,11.5,,1,,
56,4,3,pre,Sacrifice,2020-10-21,-4,9.5,,2,,
56,4,3,pre,Sacrifice,2020-10-22,-3,7,,2.5,,
56,4,3,pre,Sacrifice,2020-10-23,-2,5,12.5,2,,
56,4,3,pre,Sacrifice,2020-10-24,-1,9.5,,3,,
56,4,3,pre,Sacrifice,2020-10-25,0,6.5,10,3,,
56,4,3,during,Sacrifice,2020-10-26,1,6.5,10,3.5,,
56,4,3,during,Sacrifice,2020-10-27,2,6,10,4,,
56,4,3,during,Sacrifice,2020-10-28,3,7.5,10,2.5,,
56,4,3,during,Sacrifice,2020-10-29,4,6,10,4,,
56,4,3,during,Sacrifice,2020-10-30,5,6,,4,,
57,5,1,pre,Control,2020-11-17,-6,12.5,,,,
57,5,1,pre,Control,2020-11-18,-5,8.5,,4,,
57,5,1,pre,Control,2020-11-19,-4,4.5,,4,,
57,5,1,pre,Control,2020-11-20,-3,1.5,12.5,3,OG value = <1.5,
57,5,1,pre,Control,2020-11-21,-2,6.5,,6,,
57,5,1,pre,Control,2020-11-22,-1,4,,2.5,,
57,5,1,pre,Control,2020-11-23,0,1.5,10,2.5,OG value = <1.5,
57,5,1,during,Control,2020-11-24,1,5,10,5,,
57,5,1,during,Control,2020-11-25,2,5,10,5,,
57,5,1,during,Control,2020-11-26,3,6.5,10,3.5,,
57,5,1,during,Control,2020-11-27,4,5.5,10,4.5,,
57,5,1,during,Control,2020-11-28,5,6,12.5,4,,
57,5,1,post,Control,2020-11-29,6,6.5,,6,,
57,5,1,post,Control,2020-11-30,7,5.5,,1,,
57,5,1,post,Control,2020-12-01,8,3.5,12.5,2,,
57,5,1,post,Control,2020-12-02,9,10,,2.5,,
57,5,1,post,Control,2020-12-03,10,8,,2,,
57,5,1,post,Control,2020-12-04,11,5,,3,,
57,5,1,post,Control,2020-12-05,12,1.5,12.5,3.5,OG value = <1.5,
57,5,1,post,Control,2020-12-06,13,11,,1.5,,
57,5,1,post,Control,2020-12-07,14,9,,2,,
58,5,1,pre,DMSO,2020-11-17,-6,12.5,,,,
58,5,1,pre,DMSO,2020-11-18,-5,8,,4.5,,
58,5,1,pre,DMSO,2020-11-19,-4,4.5,,3.5,,
58,5,1,pre,DMSO,2020-11-20,-3,0,12.5,4.5,,
58,5,1,pre,DMSO,2020-11-21,-2,6.5,,6,,
58,5,1,pre,DMSO,2020-11-22,-1,2,12.5,4.5,OG value = <2,
58,5,1,pre,DMSO,2020-11-23,0,7,10,5.5,,
58,5,1,during,DMSO,2020-11-24,1,4,10,6,,
58,5,1,during,DMSO,2020-11-25,2,4,10,6,,
58,5,1,during,DMSO,2020-11-26,3,7,10,3,,
58,5,1,during,DMSO,2020-11-27,4,8.5,10,1.5,,
58,5,1,during,DMSO,2020-11-28,5,7,12.5,3,,
58,5,1,post,DMSO,2020-11-29,6,9.5,,3,,
58,5,1,post,DMSO,2020-11-30,7,7.5,,2,,
58,5,1,post,DMSO,2020-12-01,8,4.5,12.5,3,,
58,5,1,post,DMSO,2020-12-02,9,9.5,,3,,
58,5,1,post,DMSO,2020-12-03,10,7.5,,2,,
58,5,1,post,DMSO,2020-12-04,11,5,12.5,2.5,,
58,5,1,post,DMSO,2020-12-05,12,6.5,,6,,
58,5,1,post,DMSO,2020-12-06,13,3.5,,3,,
58,5,1,post,DMSO,2020-12-07,14,-0.5,12,4,"Drank down to 0, replaced with 12.5 and drank 0.5 more",
59,5,1,pre,1ppb,2020-11-17,-6,12.5,,,,
59,5,1,pre,1ppb,2020-11-18,-5,9,,3.5,,
59,5,1,pre,1ppb,2020-11-19,-4,5.5,,3.5,,
59,5,1,pre,1ppb,2020-11-20,-3,3,12.5,2.5,,
59,5,1,pre,1ppb,2020-11-21,-2,10.5,,2,,
59,5,1,pre,1ppb,2020-11-22,-1,7,,3.5,,
59,5,1,pre,1ppb,2020-11-23,0,3.5,10,3.5,,
59,5,1,during,1ppb,2020-11-24,1,5.5,10,4.5,,
59,5,1,during,1ppb,2020-11-25,2,5,10,5,,
59,5,1,during,1ppb,2020-11-26,3,5.5,10,4.5,,
59,5,1,during,1ppb,2020-11-27,4,5,10,5,,
59,5,1,during,1ppb,2020-11-28,5,6,12.5,4,,
59,5,1,post,1ppb,2020-11-29,6,10.5,,2,,
59,5,1,post,1ppb,2020-11-30,7,9,,1.5,,
59,5,1,post,1ppb,2020-12-01,8,6.5,12.5,2.5,,
59,5,1,post,1ppb,2020-12-02,9,9.5,,3,,
59,5,1,post,1ppb,2020-12-03,10,5.5,,4,,
59,5,1,post,1ppb,2020-12-04,11,3,12.5,2.5,,
59,5,1,post,1ppb,2020-12-05,12,11.5,,1,,
59,5,1,post,1ppb,2020-12-06,13,9.5,,2,,
59,5,1,post,1ppb,2020-12-07,14,6.5,,3,,
60,5,1,pre,10 ppb,2020-11-17,-6,12.5,,,,
60,5,1,pre,10 ppb,2020-11-18,-5,8,,4.5,,
60,5,1,pre,10 ppb,2020-11-19,-4,6,,2,,
60,5,1,pre,10 ppb,2020-11-20,-3,3,12.5,3,,
60,5,1,pre,10 ppb,2020-11-21,-2,7,,5.5,,
60,5,1,pre,10 ppb,2020-11-22,-1,3,12.5,4,,
60,5,1,pre,10 ppb,2020-11-23,0,8.5,10,4,,
60,5,1,during,10 ppb,2020-11-24,1,5,10,5,,
60,5,1,during,10 ppb,2020-11-25,2,5,10,5,,
60,5,1,during,10 ppb,2020-11-26,3,6,10,4,,
60,5,1,during,10 ppb,2020-11-27,4,5.5,10,4.5,,
60,5,1,during,10 ppb,2020-11-28,5,6,12.5,4,,
60,5,1,post,10 ppb,2020-11-29,6,9,,3.5,,
60,5,1,post,10 ppb,2020-11-30,7,6,,3,,
60,5,1,post,10 ppb,2020-12-01,8,2.5,12.5,3.5,,
60,5,1,post,10 ppb,2020-12-02,9,9.5,,3,,
60,5,1,post,10 ppb,2020-12-03,10,8.5,,1,,
60,5,1,post,10 ppb,2020-12-04,11,6,,2.5,,
60,5,1,post,10 ppb,2020-12-05,12,1.5,12.5,4.5,,
60,5,1,post,10 ppb,2020-12-06,13,11,,1.5,,
60,5,1,post,10 ppb,2020-12-07,14,7.5,,3.5,,
61,5,1,pre,100ppb,2020-11-17,-6,12.5,,,,
61,5,1,pre,100ppb,2020-11-18,-5,9.5,,3,,
61,5,1,pre,100ppb,2020-11-19,-4,7,,2.5,,
61,5,1,pre,100ppb,2020-11-20,-3,5.5,,1.5,,
61,5,1,pre,100ppb,2020-11-21,-2,3.5,,2,,
61,5,1,pre,100ppb,2020-11-22,-1,2.5,12.5,1,,
61,5,1,pre,100ppb,2020-11-23,0,8.5,10,4,,
61,5,1,during,100ppb,2020-11-24,1,8,10,2,,
61,5,1,during,100ppb,2020-11-25,2,8,10,2,,
61,5,1,during,100ppb,2020-11-26,3,8,10,2,,
61,5,1,during,100ppb,2020-11-27,4,7.5,10,2.5,,
61,5,1,during,100ppb,2020-11-28,5,5.5,12.5,4.5,,
61,5,1,post,100ppb,2020-11-29,6,8,,4.5,,
61,5,1,post,100ppb,2020-11-30,7,4,,4,,
61,5,1,post,100ppb,2020-12-01,8,-0.5,12,4.5,"Drank down to 0, replaced with 12.5 and drank 0.5 more",
61,5,1,post,100ppb,2020-12-02,9,7,,5,,
61,5,1,post,100ppb,2020-12-03,10,4,,3,,
61,5,1,post,100ppb,2020-12-04,11,0,12.5,4,,
61,5,1,post,100ppb,2020-12-05,12,7.5,,5,,
61,5,1,post,100ppb,2020-12-06,13,3,12.5,4.5,,
61,5,1,post,100ppb,2020-12-07,14,6.5,,6,,
62,5,1,pre,800ppb,2020-11-17,-6,12.5,,,,
62,5,1,pre,800ppb,2020-11-18,-5,9,,3.5,,
62,5,1,pre,800ppb,2020-11-19,-4,5.5,,3.5,,
62,5,1,pre,800ppb,2020-11-20,-3,1.5,12.5,4,OG value = <1.5,
62,5,1,pre,800ppb,2020-11-21,-2,8.5,,4,,
62,5,1,pre,800ppb,2020-11-22,-1,7,,1.5,,
62,5,1,pre,800ppb,2020-11-23,0,2.5,10,4.5,,
62,5,1,during,800ppb,2020-11-24,1,5.5,10,4.5,,
62,5,1,during,800ppb,2020-11-25,2,7,10,3,,
62,5,1,during,800ppb,2020-11-26,3,6,10,4,,
62,5,1,during,800ppb,2020-11-27,4,5.5,10,4.5,,
62,5,1,during,800ppb,2020-11-28,5,5,12.5,5,,
62,5,1,post,800ppb,2020-11-29,6,8,,4.5,,
62,5,1,post,800ppb,2020-11-30,7,5,,3,,
62,5,1,post,800ppb,2020-12-01,8,1.5,12.5,3.5,,
62,5,1,post,800ppb,2020-12-02,9,10,,2.5,,
62,5,1,post,800ppb,2020-12-03,10,6,,4,,
62,5,1,post,800ppb,2020-12-04,11,3.5,12.5,2.5,,
62,5,1,post,800ppb,2020-12-05,12,9,,3.5,,
62,5,1,post,800ppb,2020-12-06,13,6,,3,,
62,5,1,post,800ppb,2020-12-07,14,3.5,,2.5,,
63,5,1,pre,Sacrifice,2020-11-17,-6,12.5,,,,
63,5,1,pre,Sacrifice,2020-11-18,-5,8,,4.5,,
63,5,1,pre,Sacrifice,2020-11-19,-4,3,12.5,5,,
63,5,1,pre,Sacrifice,2020-11-20,-3,7.5,,5,,
63,5,1,pre,Sacrifice,2020-11-21,-2,2,12.5,5.5,OG value = <2,
63,5,1,pre,Sacrifice,2020-11-22,-1,9,,3.5,,
63,5,1,pre,Sacrifice,2020-11-23,0,6.5,10,2.5,,
63,5,1,during,Sacrifice,2020-11-24,1,5,10,5,,
63,5,1,during,Sacrifice,2020-11-25,2,4,10,6,,
63,5,1,during,Sacrifice,2020-11-26,3,5,10,5,,
63,5,1,during,Sacrifice,2020-11-27,4,6,10,4,,
63,5,1,during,Sacrifice,2020-11-28,5,7.5,,2.5,,
64,3,7,pre,Control,2020-11-17,-6,12.5,,,,
64,3,7,pre,Control,2020-11-18,-5,9,,3.5,,
64,3,7,pre,Control,2020-11-19,-4,6,,3,,
64,3,7,pre,Control,2020-11-20,-3,3,12.5,3,,
64,3,7,pre,Control,2020-11-21,-2,9,,3.5,,
64,3,7,pre,Control,2020-11-22,-1,5.5,,3.5,,
64,3,7,pre,Control,2020-11-23,0,1.5,10,4,OG value = <1.5,
64,3,7,during,Control,2020-11-24,1,6.5,10,3.5,,
64,3,7,during,Control,2020-11-25,2,6,10,4,,
64,3,7,during,Control,2020-11-26,3,6.5,10,3.5,,
64,3,7,during,Control,2020-11-27,4,6.5,10,3.5,,
64,3,7,during,Control,2020-11-28,5,6.5,12.5,3.5,,
64,3,7,post,Control,2020-11-29,6,10.5,,2,,
64,3,7,post,Control,2020-11-30,7,8,,2.5,,
64,3,7,post,Control,2020-12-01,8,4.5,12.5,3.5,,
64,3,7,post,Control,2020-12-02,9,9,,3.5,,
64,3,7,post,Control,2020-12-03,10,6.5,,2.5,,
64,3,7,post,Control,2020-12-04,11,3.5,12.5,3,,
64,3,7,post,Control,2020-12-05,12,9,,3.5,,
64,3,7,post,Control,2020-12-06,13,6.5,,2.5,,
64,3,7,post,Control,2020-12-07,14,3.5,,3,,
65,3,7,pre,DMSO,2020-11-17,-6,12.5,,,,
65,3,7,pre,DMSO,2020-11-18,-5,9,,3.5,,
65,3,7,pre,DMSO,2020-11-19,-4,6.5,,2.5,,
65,3,7,pre,DMSO,2020-11-20,-3,4,,2.5,,
65,3,7,pre,DMSO,2020-11-21,-2,0,12.5,4,,
65,3,7,pre,DMSO,2020-11-22,-1,9.5,,3,,
65,3,7,pre,DMSO,2020-11-23,0,6.5,10,3,,
65,3,7,during,DMSO,2020-11-24,1,7.5,10,2.5,,
65,3,7,during,DMSO,2020-11-25,2,6.5,10,3.5,,
65,3,7,during,DMSO,2020-11-26,3,7,10,3,,
65,3,7,during,DMSO,2020-11-27,4,6.5,10,3.5,,
65,3,7,during,DMSO,2020-11-28,5,7,12.5,3,,
65,3,7,post,DMSO,2020-11-29,6,9.5,,3,,
65,3,7,post,DMSO,2020-11-30,7,6,,3.5,,
65,3,7,post,DMSO,2020-12-01,8,3.5,12.5,2.5,,
65,3,7,post,DMSO,2020-12-02,9,10,,2.5,,
65,3,7,post,DMSO,2020-12-03,10,7.5,,2.5,,
65,3,7,post,DMSO,2020-12-04,11,5,,2.5,,
65,3,7,post,DMSO,2020-12-05,12,1.5,12.5,3.5,OG value = <1.5,
65,3,7,post,DMSO,2020-12-06,13,9.5,,3,,
65,3,7,post,DMSO,2020-12-07,14,7,,2.5,,
66,3,7,pre,1ppb,2020-11-17,-6,12.5,,,,
66,3,7,pre,1ppb,2020-11-18,-5,11,,1.5,,
66,3,7,pre,1ppb,2020-11-19,-4,7.5,,3.5,,
66,3,7,pre,1ppb,2020-11-20,-3,4,,3.5,,
66,3,7,pre,1ppb,2020-11-21,-2,0,12.5,4,,
66,3,7,pre,1ppb,2020-11-22,-1,8,,4.5,,
66,3,7,pre,1ppb,2020-11-23,0,4,10,4,,
66,3,7,during,1ppb,2020-11-24,1,6,10,4,,
66,3,7,during,1ppb,2020-11-25,2,6.5,10,3.5,,
66,3,7,during,1ppb,2020-11-26,3,6,10,4,,
66,3,7,during,1ppb,2020-11-27,4,7,10,3,,
66,3,7,during,1ppb,2020-11-28,5,7,12.5,3,,
66,3,7,post,1ppb,2020-11-29,6,9.5,,3,,
66,3,7,post,1ppb,2020-11-30,7,6.5,,3,,
66,3,7,post,1ppb,2020-12-01,8,3.5,12.5,3,,
66,3,7,post,1ppb,2020-12-02,9,8.5,,4,,
66,3,7,post,1ppb,2020-12-03,10,5,,3.5,,
66,3,7,post,1ppb,2020-12-04,11,2,12.5,3,,
66,3,7,post,1ppb,2020-12-05,12,10,,2.5,,
66,3,7,post,1ppb,2020-12-06,13,7.5,,2.5,,
66,3,7,post,1ppb,2020-12-07,14,3,,4.5,,
67,3,7,pre,10 ppb,2020-11-17,-6,12.5,,,,
67,3,7,pre,10 ppb,2020-11-18,-5,9,,3.5,,
67,3,7,pre,10 ppb,2020-11-19,-4,5,,4,,
67,3,7,pre,10 ppb,2020-11-20,-3,2.5,12.5,2.5,,
67,3,7,pre,10 ppb,2020-11-21,-2,10,,2.5,,
67,3,7,pre,10 ppb,2020-11-22,-1,8.5,,1.5,,
67,3,7,pre,10 ppb,2020-11-23,0,3,10,5.5,,
67,3,7,during,10 ppb,2020-11-24,1,8.5,10,1.5,,
67,3,7,during,10 ppb,2020-11-25,2,5,10,5,,
67,3,7,during,10 ppb,2020-11-26,3,5.5,10,4.5,,
67,3,7,during,10 ppb,2020-11-27,4,6.5,10,3.5,,
67,3,7,during,10 ppb,2020-11-28,5,8,12.5,2,,
67,3,7,post,10 ppb,2020-11-29,6,9.5,,3,,
67,3,7,post,10 ppb,2020-11-30,7,7,,2.5,,
67,3,7,post,10 ppb,2020-12-01,8,4.5,12.5,2.5,,
67,3,7,post,10 ppb,2020-12-02,9,10,,2.5,,
67,3,7,post,10 ppb,2020-12-03,10,8,,2,,
67,3,7,post,10 ppb,2020-12-04,11,5,,3,,
67,3,7,post,10 ppb,2020-12-05,12,1.5,12.5,3.5,OG value = <1.5,
67,3,7,post,10 ppb,2020-12-06,13,10.5,,2,,
67,3,7,post,10 ppb,2020-12-07,14,7,,3.5,,
68,3,7,pre,100ppb,2020-11-17,-6,12.5,,,,
68,3,7,pre,100ppb,2020-11-18,-5,9,,3.5,,
68,3,7,pre,100ppb,2020-11-19,-4,6,,3,,
68,3,7,pre,100ppb,2020-11-20,-3,3,12.5,3,,
68,3,7,pre,100ppb,2020-11-21,-2,10,,2.5,,
68,3,7,pre,100ppb,2020-11-22,-1,9,,1,,
68,3,7,pre,100ppb,2020-11-23,0,6,10,3,,
68,3,7,during,100ppb,2020-11-24,1,7.5,10,2.5,,
68,3,7,during,100ppb,2020-11-25,2,6.5,10,3.5,,
68,3,7,during,100ppb,2020-11-26,3,7,10,3,,
68,3,7,during,100ppb,2020-11-27,4,5.5,10,4.5,,
68,3,7,during,100ppb,2020-11-28,5,7,12.5,3,,
68,3,7,post,100ppb,2020-11-29,6,9.5,,3,,
68,3,7,post,100ppb,2020-11-30,7,7.5,,2,,
68,3,7,post,100ppb,2020-12-01,8,6,12.5,1.5,,
68,3,7,post,100ppb,2020-12-02,9,9.5,,3,,
68,3,7,post,100ppb,2020-12-03,10,6.5,,3,,
68,3,7,post,100ppb,2020-12-04,11,3.5,12.5,3,,
68,3,7,post,100ppb,2020-12-05,12,11,,1.5,,
68,3,7,post,100ppb,2020-12-06,13,7.5,,3.5,,
68,3,7,post,100ppb,2020-12-07,14,4,,3.5,,
69,3,7,pre,800ppb,2020-11-17,-6,12.5,,,,
69,3,7,pre,800ppb,2020-11-18,-5,12,,0.5,,
69,3,7,pre,800ppb,2020-11-19,-4,8,,4,,
69,3,7,pre,800ppb,2020-11-20,-3,4.5,,3.5,,
69,3,7,pre,800ppb,2020-11-21,-2,2,12.5,2.5,OG value = <2,
69,3,7,pre,800ppb,2020-11-22,-1,10,,2.5,,
69,3,7,pre,800ppb,2020-11-23,0,7.5,10,2.5,,
69,3,7,during,800ppb,2020-11-24,1,6.5,10,3.5,,
69,3,7,during,800ppb,2020-11-25,2,6,10,4,,
69,3,7,during,800ppb,2020-11-26,3,5,10,5,,
69,3,7,during,800ppb,2020-11-27,4,7,10,3,,
69,3,7,during,800ppb,2020-11-28,5,5.5,12.5,4.5,,
69,3,7,post,800ppb,2020-11-29,6,8.5,,4,,
69,3,7,post,800ppb,2020-11-30,7,7,,1.5,,
69,3,7,post,800ppb,2020-12-01,8,4,12.5,3,,
69,3,7,post,800ppb,2020-12-02,9,9.5,,3,,
69,3,7,post,800ppb,2020-12-03,10,8.5,,1,,
69,3,7,post,800ppb,2020-12-04,11,4.5,,4,,
69,3,7,post,800ppb,2020-12-05,12,1.5,12.5,3,OG value = <1.5,
69,3,7,post,800ppb,2020-12-06,13,9.5,,3,,
69,3,7,post,800ppb,2020-12-07,14,6.5,,3,,
70,3,7,pre,Sacrifice,2020-11-17,-6,12.5,,,,
70,3,7,pre,Sacrifice,2020-11-18,-5,11.5,,1,,
70,3,7,pre,Sacrifice,2020-11-19,-4,8.5,,3,,
70,3,7,pre,Sacrifice,2020-11-20,-3,4,12.5,4.5,,
70,3,7,pre,Sacrifice,2020-11-21,-2,7.5,,5,,
70,3,7,pre,Sacrifice,2020-11-22,-1,3,12.5,4.5,,
70,3,7,pre,Sacrifice,2020-11-23,0,7.5,10,5,,
70,3,7,during,Sacrifice,2020-11-24,1,5,10,5,,
70,3,7,during,Sacrifice,2020-11-25,2,6,10,4,,
70,3,7,during,Sacrifice,2020-11-26,3,4.5,10,5.5,,
70,3,7,during,Sacrifice,2020-11-27,4,6.5,10,3.5,,
70,3,7,during,Sacrifice,2020-11-28,5,6,,4,,
71,5,3,pre,Control,2020-11-30,-6,12.5,,,,
71,5,3,pre,Control,2020-12-01,-5,9,,3.5,,
71,5,3,pre,Control,2020-12-02,-4,6.5,,2.5,,
71,5,3,pre,Control,2020-12-03,-3,4,,2.5,,
71,5,3,pre,Control,2020-12-04,-2,0,12.5,4,,
71,5,3,pre,Control,2020-12-05,-1,10.5,,2,,
71,5,3,pre,Control,2020-12-06,0,9.5,10,1,,
71,5,3,during,Control,2020-12-07,1,5.5,10,4.5,,
71,5,3,during,Control,2020-12-08,2,6,10,4,,
71,5,3,during,Control,2020-12-09,3,7,10,3,,
71,5,3,during,Control,2020-12-10,4,6,10,4,,
71,5,3,during,Control,2020-12-11,5,5.5,12.5,4.5,,
71,5,3,post,Control,2020-12-12,6,9,,3.5,,
71,5,3,post,Control,2020-12-13,7,7,,2,,
71,5,3,post,Control,2020-12-14,8,6,,1,,
71,5,3,post,Control,2020-12-15,9,3,12.5,3,,
71,5,3,post,Control,2020-12-16,10,12,,0.5,,
71,5,3,post,Control,2020-12-17,11,10,,2,,
71,5,3,post,Control,2020-12-18,12,9.5,,0.5,,
71,5,3,post,Control,2020-12-19,13,5.5,,4,,
71,5,3,post,Control,2020-12-20,14,3,,2.5,,
72,5,3,pre,DMSO,2020-11-30,-6,12.5,,,,
72,5,3,pre,DMSO,2020-12-01,-5,9,,3.5,,
72,5,3,pre,DMSO,2020-12-02,-4,5.5,,3.5,,
72,5,3,pre,DMSO,2020-12-03,-3,1.5,12.5,4,,
72,5,3,pre,DMSO,2020-12-04,-2,10.5,,2,,
72,5,3,pre,DMSO,2020-12-05,-1,6.5,,4,,
72,5,3,pre,DMSO,2020-12-06,0,3.5,10,3,,
72,5,3,during,DMSO,2020-12-07,1,7.5,10,2.5,,
72,5,3,during,DMSO,2020-12-08,2,6,10,4,,
72,5,3,during,DMSO,2020-12-09,3,7.5,10,2.5,,
72,5,3,during,DMSO,2020-12-10,4,8,10,2,,
72,5,3,during,DMSO,2020-12-11,5,7.5,12.5,2.5,,
72,5,3,post,DMSO,2020-12-12,6,10,,2.5,,
72,5,3,post,DMSO,2020-12-13,7,8.5,,1.5,,
72,5,3,post,DMSO,2020-12-14,8,7,,1.5,,
72,5,3,post,DMSO,2020-12-15,9,4.5,,2.5,,
72,5,3,post,DMSO,2020-12-16,10,2,12.5,2.5,,
72,5,3,post,DMSO,2020-12-17,11,11.5,,1,,
72,5,3,post,DMSO,2020-12-18,12,8.5,,3,,
72,5,3,post,DMSO,2020-12-19,13,7,,1.5,,
72,5,3,post,DMSO,2020-12-20,14,4.5,,2.5,,
73,5,3,pre,1ppb,2020-11-30,-6,12.5,,,,
73,5,3,pre,1ppb,2020-12-01,-5,9,,3.5,,
73,5,3,pre,1ppb,2020-12-02,-4,6,,3,,
73,5,3,pre,1ppb,2020-12-03,-3,2.5,12.5,3.5,,
73,5,3,pre,1ppb,2020-12-04,-2,10,,2.5,,
73,5,3,pre,1ppb,2020-12-05,-1,8,,2,,
73,5,3,pre,1ppb,2020-12-06,0,6,10,2,,
73,5,3,during,1ppb,2020-12-07,1,7.5,10,2.5,,
73,5,3,during,1ppb,2020-12-08,2,8.5,10,1.5,,
73,5,3,during,1ppb,2020-12-09,3,6.5,10,3.5,,
73,5,3,during,1ppb,2020-12-10,4,6.5,10,3.5,,
73,5,3,during,1ppb,2020-12-11,5,8,12.5,2,,
73,5,3,post,1ppb,2020-12-12,6,10.5,,2,,
73,5,3,post,1ppb,2020-12-13,7,9,,1.5,,
73,5,3,post,1ppb,2020-12-14,8,5.5,,3.5,,
73,5,3,post,1ppb,2020-12-15,9,3,12.5,2.5,,
73,5,3,post,1ppb,2020-12-16,10,9,,3.5,,
73,5,3,post,1ppb,2020-12-17,11,7.5,,1.5,,
73,5,3,post,1ppb,2020-12-18,12,6.5,,1,,
73,5,3,post,1ppb,2020-12-19,13,4,12.5,2.5,,
73,5,3,post,1ppb,2020-12-20,14,9.5,,3,,
74,5,3,pre,10 ppb,2020-11-30,-6,12.5,,,,
74,5,3,pre,10 ppb,2020-12-01,-5,9.5,,3,,
74,5,3,pre,10 ppb,2020-12-02,-4,5.5,,4,,
74,5,3,pre,10 ppb,2020-12-03,-3,2,12.5,3.5,,
74,5,3,pre,10 ppb,2020-12-04,-2,12.5,,0,Sugar vial blocked,
74,5,3,pre,10 ppb,2020-12-05,-1,8.5,,4,,
74,5,3,pre,10 ppb,2020-12-06,0,5,10,3.5,,
74,5,3,during,10 ppb,2020-12-07,1,7,10,3,,
74,5,3,during,10 ppb,2020-12-08,2,7.5,10,2.5,,
74,5,3,during,10 ppb,2020-12-09,3,7,10,3,,
74,5,3,during,10 ppb,2020-12-10,4,6,10,4,,
74,5,3,during,10 ppb,2020-12-11,5,7.5,12.5,2.5,,
74,5,3,post,10 ppb,2020-12-12,6,10,,2.5,,
74,5,3,post,10 ppb,2020-12-13,7,7.5,,2.5,,
74,5,3,post,10 ppb,2020-12-14,8,6,,1.5,,
74,5,3,post,10 ppb,2020-12-15,9,1.5,12.5,4.5,,
74,5,3,post,10 ppb,2020-12-16,10,10,,2.5,,
74,5,3,post,10 ppb,2020-12-17,11,8,,2,,
74,5,3,post,10 ppb,2020-12-18,12,5.5,,2.5,,
74,5,3,post,10 ppb,2020-12-19,13,4,,1.5,,
74,5,3,post,10 ppb,2020-12-20,14,0,,4,,
75,5,3,pre,100ppb,2020-11-30,-6,12.5,,,,
75,5,3,pre,100ppb,2020-12-01,-5,9.5,,3,,
75,5,3,pre,100ppb,2020-12-02,-4,7.5,,2,,
75,5,3,pre,100ppb,2020-12-03,-3,5,,2.5,,
75,5,3,pre,100ppb,2020-12-04,-2,1.5,12.5,3.5,,
75,5,3,pre,100ppb,2020-12-05,-1,10,,2.5,,
75,5,3,pre,100ppb,2020-12-06,0,7.5,10,2.5,,
75,5,3,during,100ppb,2020-12-07,1,7.5,10,2.5,,
75,5,3,during,100ppb,2020-12-08,2,7.5,10,2.5,,
75,5,3,during,100ppb,2020-12-09,3,6.5,10,3.5,,
75,5,3,during,100ppb,2020-12-10,4,8,10,2,,
75,5,3,during,100ppb,2020-12-11,5,7.5,12.5,2.5,,
75,5,3,post,100ppb,2020-12-12,6,11,,1.5,,
75,5,3,post,100ppb,2020-12-13,7,10,,1,,
75,5,3,post,100ppb,2020-12-14,8,8.5,,1.5,,
75,5,3,post,100ppb,2020-12-15,9,6.5,,2,,
75,5,3,post,100ppb,2020-12-16,10,6,,0.5,,
75,5,3,post,100ppb,2020-12-17,11,2.5,12.5,3.5,,
75,5,3,post,100ppb,2020-12-18,12,11.5,,1,,
75,5,3,post,100ppb,2020-12-19,13,8.5,,3,,
75,5,3,post,100ppb,2020-12-20,14,6.5,,2,,
76,5,3,pre,800ppb,2020-11-30,-6,12.5,,,,
76,5,3,pre,800ppb,2020-12-01,-5,9.5,,3,,
76,5,3,pre,800ppb,2020-12-02,-4,7,,2.5,,
76,5,3,pre,800ppb,2020-12-03,-3,4.5,,2.5,,
76,5,3,pre,800ppb,2020-12-04,-2,1.5,12.5,3,,
76,5,3,pre,800ppb,2020-12-05,-1,9,,3.5,,
76,5,3,pre,800ppb,2020-12-06,0,5.5,10,3.5,,
76,5,3,during,800ppb,2020-12-07,1,6.5,10,3.5,,
76,5,3,during,800ppb,2020-12-08,2,6.5,10,3.5,,
76,5,3,during,800ppb,2020-12-09,3,6,10,4,,
76,5,3,during,800ppb,2020-12-10,4,8.5,10,1.5,,
76,5,3,during,800ppb,2020-12-11,5,5.5,12.5,4.5,,
76,5,3,post,800ppb,2020-12-12,6,9,,3.5,,
76,5,3,post,800ppb,2020-12-13,7,5.5,,3.5,,
76,5,3,post,800ppb,2020-12-14,8,2,12.5,3.5,,
76,5,3,post,800ppb,2020-12-15,9,10,,2.5,,
76,5,3,post,800ppb,2020-12-16,10,6.5,,3.5,,
76,5,3,post,800ppb,2020-12-17,11,4,,2.5,,
76,5,3,post,800ppb,2020-12-18,12,1.5,12.5,2.5,,
76,5,3,post,800ppb,2020-12-19,13,11,,1.5,OG value = <1.5,
76,5,3,post,800ppb,2020-12-20,14,8,,3,,
77,5,3,pre,Sacrifice,2020-11-30,-6,12.5,,,,
77,5,3,pre,Sacrifice,2020-12-01,-5,8.5,,4,,
77,5,3,pre,Sacrifice,2020-12-02,-4,6.5,,2,,
77,5,3,pre,Sacrifice,2020-12-03,-3,4.5,,2,,
77,5,3,pre,Sacrifice,2020-12-04,-2,3.5,,1,,
77,5,3,pre,Sacrifice,2020-12-05,-1,3,12.5,0.5,,
77,5,3,pre,Sacrifice,2020-12-06,0,9.5,10,3,,
77,5,3,during,Sacrifice,2020-12-07,1,8,10,2,,
77,5,3,during,Sacrifice,2020-12-08,2,6.5,10,3.5,,
77,5,3,during,Sacrifice,2020-12-09,3,6.5,10,3.5,,
77,5,3,during,Sacrifice,2020-12-10,4,5.5,10,4.5,,
77,5,3,during,Sacrifice,2020-12-11,5,7,,3,,
78,4,7,pre,Control,2020-11-30,-6,12.5,,,,
78,4,7,pre,Control,2020-12-01,-5,10,,2.5,,
78,4,7,pre,Control,2020-12-02,-4,7.5,,2.5,,
78,4,7,pre,Control,2020-12-03,-3,5.5,,2,,
78,4,7,pre,Control,2020-12-04,-2,2,12.5,3.5,,
78,4,7,pre,Control,2020-12-05,-1,8.5,,4,,
78,4,7,pre,Control,2020-12-06,0,5.5,10,3,,
78,4,7,during,Control,2020-12-07,1,7,10,3,,
78,4,7,during,Control,2020-12-08,2,7,10,3,,
78,4,7,during,Control,2020-12-09,3,7,10,3,,
78,4,7,during,Control,2020-12-10,4,7.5,10,2.5,,
78,4,7,during,Control,2020-12-11,5,7,12.5,3,,
78,4,7,post,Control,2020-12-12,6,10.5,,2,,
78,4,7,post,Control,2020-12-13,7,6.5,,4,,
78,4,7,post,Control,2020-12-14,8,6,,0.5,,
78,4,7,post,Control,2020-12-15,9,2.5,12.5,3.5,,
78,4,7,post,Control,2020-12-16,10,10.5,,2,,
78,4,7,post,Control,2020-12-17,11,10,,0.5,,
78,4,7,post,Control,2020-12-18,12,8,,2,,
78,4,7,post,Control,2020-12-19,13,5,,3,,
78,4,7,post,Control,2020-12-20,14,2,,3,,
79,4,7,pre,DMSO,2020-11-30,-6,12.5,,,,
79,4,7,pre,DMSO,2020-12-01,-5,9.5,,3,,
79,4,7,pre,DMSO,2020-12-02,-4,6,,3.5,,
79,4,7,pre,DMSO,2020-12-03,-3,3,12.5,3,,
79,4,7,pre,DMSO,2020-12-04,-2,10,,2.5,,
79,4,7,pre,DMSO,2020-12-05,-1,6.5,,3.5,,
79,4,7,pre,DMSO,2020-12-06,0,2.5,10,4,,
79,4,7,during,DMSO,2020-12-07,1,6.5,10,3.5,,
79,4,7,during,DMSO,2020-12-08,2,6.5,10,3.5,,
79,4,7,during,DMSO,2020-12-09,3,7,10,3,,
79,4,7,during,DMSO,2020-12-10,4,6,10,4,,
79,4,7,during,DMSO,2020-12-11,5,5,12.5,5,,
79,4,7,post,DMSO,2020-12-12,6,12,,0.5,,
79,4,7,post,DMSO,2020-12-13,7,9.5,,2.5,,
79,4,7,post,DMSO,2020-12-14,8,7.5,,2,,
79,4,7,post,DMSO,2020-12-15,9,6,,1.5,,
79,4,7,post,DMSO,2020-12-16,10,4.5,,1.5,,
79,4,7,post,DMSO,2020-12-17,11,2.5,12.5,2,,
79,4,7,post,DMSO,2020-12-18,12,10.5,,2,,
79,4,7,post,DMSO,2020-12-19,13,10,,0.5,,
79,4,7,post,DMSO,2020-12-20,14,8,,2,,
80,4,7,pre,1ppb,2020-11-30,-6,12.5,,,,
80,4,7,pre,1ppb,2020-12-01,-5,10.5,,2,,
80,4,7,pre,1ppb,2020-12-02,-4,8,,2.5,,
80,4,7,pre,1ppb,2020-12-03,-3,5.5,,2.5,,
80,4,7,pre,1ppb,2020-12-04,-2,2.5,12.5,3,,
80,4,7,pre,1ppb,2020-12-05,-1,9,,3.5,,
80,4,7,pre,1ppb,2020-12-06,0,5.5,10,3.5,,
80,4,7,during,1ppb,2020-12-07,1,7,10,3,,
80,4,7,during,1ppb,2020-12-08,2,6,10,4,,
80,4,7,during,1ppb,2020-12-09,3,6.5,10,3.5,,
80,4,7,during,1ppb,2020-12-10,4,6.5,10,3.5,,
80,4,7,during,1ppb,2020-12-11,5,7,12.5,3,,
80,4,7,post,1ppb,2020-12-12,6,10,,2.5,,
80,4,7,post,1ppb,2020-12-13,7,7.5,,2.5,,
80,4,7,post,1ppb,2020-12-14,8,4.5,,3,,
80,4,7,post,1ppb,2020-12-15,9,2.5,12.5,2,,
80,4,7,post,1ppb,2020-12-16,10,9.5,,3,,
80,4,7,post,1ppb,2020-12-17,11,7.5,,2,,
80,4,7,post,1ppb,2020-12-18,12,5.5,,2,,
80,4,7,post,1ppb,2020-12-19,13,3.5,12.5,2,,
80,4,7,post,1ppb,2020-12-20,14,10.5,,2,,
81,4,7,pre,10 ppb,2020-11-30,-6,12.5,,,,
81,4,7,pre,10 ppb,2020-12-01,-5,10,,2.5,,
81,4,7,pre,10 ppb,2020-12-02,-4,7,,3,,
81,4,7,pre,10 ppb,2020-12-03,-3,4,,3,,
81,4,7,pre,10 ppb,2020-12-04,-2,0,12.5,4,,
81,4,7,pre,10 ppb,2020-12-05,-1,8,,4.5,,
81,4,7,pre,10 ppb,2020-12-06,0,4,10,4,,
81,4,7,during,10 ppb,2020-12-07,1,6,10,4,,
81,4,7,during,10 ppb,2020-12-08,2,5,10,5,,
81,4,7,during,10 ppb,2020-12-09,3,5.5,10,4.5,,
81,4,7,during,10 ppb,2020-12-10,4,6,10,4,,
81,4,7,during,10 ppb,2020-12-11,5,6.5,12.5,3.5,,
81,4,7,post,10 ppb,2020-12-12,6,9,,3.5,,
81,4,7,post,10 ppb,2020-12-13,7,5,,4,,
81,4,7,post,10 ppb,2020-12-14,8,1.5,12.5,3.5,,
81,4,7,post,10 ppb,2020-12-15,9,9,,3.5,,
81,4,7,post,10 ppb,2020-12-16,10,7,,2,,
81,4,7,post,10 ppb,2020-12-17,11,4.5,,2.5,,
81,4,7,post,10 ppb,2020-12-18,12,2,12.5,2.5,,
81,4,7,post,10 ppb,2020-12-19,13,10,,2.5,,
81,4,7,post,10 ppb,2020-12-20,14,6.5,,3.5,,
82,4,7,pre,100ppb,2020-11-30,-6,12.5,,,,
82,4,7,pre,100ppb,2020-12-01,-5,10,,2.5,,
82,4,7,pre,100ppb,2020-12-02,-4,7.5,,2.5,,
82,4,7,pre,100ppb,2020-12-03,-3,4.5,,3,,
82,4,7,pre,100ppb,2020-12-04,-2,1.5,12.5,3,,
82,4,7,pre,100ppb,2020-12-05,-1,8.5,,4,,
82,4,7,pre,100ppb,2020-12-06,0,4.5,10,4,,
82,4,7,during,100ppb,2020-12-07,1,7.5,10,2.5,,
82,4,7,during,100ppb,2020-12-08,2,6,10,4,,
82,4,7,during,100ppb,2020-12-09,3,6,10,4,,
82,4,7,during,100ppb,2020-12-10,4,6,10,4,,
82,4,7,during,100ppb,2020-12-11,5,6,12.5,4,,
82,4,7,post,100ppb,2020-12-12,6,10,,2.5,,
82,4,7,post,100ppb,2020-12-13,7,7.5,,2.5,,
82,4,7,post,100ppb,2020-12-14,8,6,,1.5,,
82,4,7,post,100ppb,2020-12-15,9,3.5,12.5,2.5,,
82,4,7,post,100ppb,2020-12-16,10,10,,2.5,,
82,4,7,post,100ppb,2020-12-17,11,8.5,,1.5,,
82,4,7,post,100ppb,2020-12-18,12,5.5,,3,,
82,4,7,post,100ppb,2020-12-19,13,4,,1.5,,
82,4,7,post,100ppb,2020-12-20,14,0.5,,3.5,,
83,4,7,pre,800ppb,2020-11-30,-6,12.5,,,,
83,4,7,pre,800ppb,2020-12-01,-5,10,,2.5,,
83,4,7,pre,800ppb,2020-12-02,-4,7,,3,,
83,4,7,pre,800ppb,2020-12-03,-3,4.5,,2.5,,
83,4,7,pre,800ppb,2020-12-04,-2,2,12.5,2.5,,
83,4,7,pre,800ppb,2020-12-05,-1,10,,2.5,,
83,4,7,pre,800ppb,2020-12-06,0,6.5,10,3.5,,
83,4,7,during,800ppb,2020-12-07,1,7,10,3,,
83,4,7,during,800ppb,2020-12-08,2,7,10,3,,
83,4,7,during,800ppb,2020-12-09,3,7.5,10,2.5,,
83,4,7,during,800ppb,2020-12-10,4,7,10,3,,
83,4,7,during,800ppb,2020-12-11,5,7,12.5,3,,
83,4,7,post,800ppb,2020-12-12,6,10,,2.5,,
83,4,7,post,800ppb,2020-12-13,7,7.5,,2.5,,
83,4,7,post,800ppb,2020-12-14,8,5,,2.5,,
83,4,7,post,800ppb,2020-12-15,9,2.5,12.5,2.5,,
83,4,7,post,800ppb,2020-12-16,10,10.5,,2,,
83,4,7,post,800ppb,2020-12-17,11,10,,0.5,,
83,4,7,post,800ppb,2020-12-18,12,8,,2,,
83,4,7,post,800ppb,2020-12-19,13,6,,2,,
83,4,7,post,800ppb,2020-12-20,14,4.5,,1.5,,
84,4,7,pre,Sacrifice,2020-11-30,-6,12.5,,,,
84,4,7,pre,Sacrifice,2020-12-01,-5,10,,2.5,,
84,4,7,pre,Sacrifice,2020-12-02,-4,7.5,,2.5,,
84,4,7,pre,Sacrifice,2020-12-03,-3,5.5,,2,,
84,4,7,pre,Sacrifice,2020-12-04,-2,2,12.5,3.5,,
84,4,7,pre,Sacrifice,2020-12-05,-1,10,,2.5,,
84,4,7,pre,Sacrifice,2020-12-06,0,9,10,1,,
84,4,7,during,Sacrifice,2020-12-07,1,8.5,10,1.5,,
84,4,7,during,Sacrifice,2020-12-08,2,7.5,10,2.5,,
84,4,7,during,Sacrifice,2020-12-09,3,6.5,10,3.5,,
84,4,7,during,Sacrifice,2020-12-10,4,6,10,4,,
84,4,7,during,Sacrifice,2020-12-11,5,6,,4,,
,,,,,,,,,,,
,,,,,,,,,,,
,,,,,,,,,,,
,,,,,,,,,,,
,,,,,,,,,,,
,,,,,,,,,,,
,,,,,,,,,,,
,,,,,,,,,,,
,,,,,,,,,,,